,grado,lambda,MSE_entrenamiento_OLS,MSE_entrenamiento_ridge,MSE_prueba_OLS,MSE_prueba_ridge
0,1.0,0.0,1.2986975515837036,1.2986975515837036,2.6517024948013024,2.6517024948013024
1,1.0,0.01,1.2986975515837036,1.2987092700583585,2.6517024948013024,2.6409195787532833
2,1.0,0.02,1.2986975515837036,1.2987442936640599,2.6517024948013024,2.6302216945004298
3,1.0,0.03,1.2986975515837036,1.2988024262992484,2.6517024948013024,2.619608137146984
4,1.0,0.04,1.2986975515837036,1.2988834740065056,2.6517024948013024,2.60907820929293
5,1.0,0.05,1.2986975515837036,1.2989872449433855,2.6517024948013024,2.5986312209367863
6,1.0,0.06,1.2986975515837036,1.2991135493537143,2.6517024948013024,2.5882664893799108
7,1.0,0.07,1.2986975515837036,1.2992621995393427,2.6517024948013024,2.57798333913218
8,1.0,0.08,1.2986975515837036,1.2994330098323439,2.6517024948013024,2.5677811018192167
9,1.0,0.09,1.2986975515837036,1.299625796567651,2.6517024948013024,2.5576591160908757
10,1.0,0.1,1.2986975515837036,1.2998403780561252,2.6517024948013024,2.547616727531236
11,1.0,0.11,1.2986975515837036,1.3000765745580454,2.6517024948013024,2.5376532885698397
12,1.0,0.12,1.2986975515837036,1.300334208257015,2.6517024948013024,2.527768158394319
13,1.0,0.13,1.2986975515837036,1.3006131032342758,2.6517024948013024,2.5179607028643125
14,1.0,0.14,1.2986975515837036,1.3009130854434208,2.6517024948013024,2.508230294426673
15,1.0,0.15,1.2986975515837036,1.3012339826855057,2.6517024948013024,2.498576312031912
16,1.0,0.16,1.2986975515837036,1.3015756245845427,2.6517024948013024,2.488998141051905
17,1.0,0.17,1.2986975515837036,1.3019378425633747,2.6517024948013024,2.479495173198826
18,1.0,0.18,1.2986975515837036,1.302320469819925,2.6517024948013024,2.4700668064452693
19,1.0,0.19,1.2986975515837036,1.3027233413038135,2.6517024948013024,2.460712444945527
20,1.0,0.2,1.2986975515837036,1.3031462936933311,2.6517024948013024,2.4514314989580575
21,1.0,0.21,1.2986975515837036,1.3035891653727694,2.6517024948013024,2.4422233847690853
22,1.0,0.22,1.2986975515837036,1.304051796410099,2.6517024948013024,2.433087524617326
23,1.0,0.23,1.2986975515837036,1.3045340285349902,2.6517024948013024,2.424023346619771
24,1.0,0.24,1.2986975515837036,1.3050357051171662,2.6517024948013024,2.415030284698638
25,1.0,0.25,1.2986975515837036,1.3055566711450912,2.6517024948013024,2.406107778509279
26,1.0,0.26,1.2986975515837036,1.3060967732049806,2.6517024948013024,2.3972552733692405
27,1.0,0.27,1.2986975515837036,1.3066558594601267,2.6517024948013024,2.3884722201882984
28,1.0,0.28,1.2986975515837036,1.3072337796305462,2.6517024948013024,2.3797580753994816
29,1.0,0.29,1.2986975515837036,1.3078303849729265,2.6517024948013024,2.3711123008911628
30,1.0,0.3,1.2986975515837036,1.3084455282608825,2.6517024948013024,2.3625343639400582
31,1.0,0.31,1.2986975515837036,1.3090790637655034,2.6517024948013024,2.3540237371452575
32,1.0,0.32,1.2986975515837036,1.3097308472362,2.6517024948013024,2.3455798983631237
33,1.0,0.33,1.2986975515837036,1.3104007358818326,2.6517024948013024,2.337202330643203
34,1.0,0.34,1.2986975515837036,1.311088588352125,2.6517024948013024,2.3288905221649987
35,1.0,0.35000000000000003,1.2986975515837036,1.3117942647193561,2.6517024948013024,2.3206439661756733
36,1.0,0.36,1.2986975515837036,1.312517626460325,2.6517024948013024,2.312462160928613
37,1.0,0.37,1.2986975515837036,1.3132585364385814,2.6517024948013024,2.3043446096229054
38,1.0,0.38,1.2986975515837036,1.3140168588869237,2.6517024948013024,2.2962908203436396
39,1.0,0.39,1.2986975515837036,1.3147924593901559,2.6517024948013024,2.288300306003049
40,1.0,0.4,1.2986975515837036,1.3155852048680992,2.6517024948013024,2.2803725842825213
41,1.0,0.41000000000000003,1.2986975515837036,1.3163949635588517,2.6517024948013024,2.272507177575397
42,1.0,0.42,1.2986975515837036,1.3172216050023013,2.6517024948013024,2.264703612930571
43,1.0,0.43,1.2986975515837036,1.3180650000238714,2.6517024948013024,2.256961421996922
44,1.0,0.44,1.2986975515837036,1.3189250207185201,2.6517024948013024,2.2492801409684438
45,1.0,0.45,1.2986975515837036,1.319801540434955,2.6517024948013024,2.2416593105302445
46,1.0,0.46,1.2986975515837036,1.3206944337600952,2.6517024948013024,2.2340984758052205
47,1.0,0.47000000000000003,1.2986975515837036,1.3216035765037515,2.6517024948013024,2.2265971863014977
48,1.0,0.48,1.2986975515837036,1.3225288456835314,2.6517024948013024,2.2191549958606216
49,1.0,0.49,1.2986975515837036,1.3234701195099616,2.6517024948013024,2.211771462606444
50,1.0,0.5,1.2986975515837036,1.324427277371834,2.6517024948013024,2.204446148894715
51,1.0,0.51,1.2986975515837036,1.325400199821754,2.6517024948013024,2.197178621263387
52,1.0,0.52,1.2986975515837036,1.3263887685618998,2.6517024948013024,2.1899684503836103
53,1.0,0.53,1.2986975515837036,1.327392866429998,2.6517024948013024,2.1828152110113535
54,1.0,0.54,1.2986975515837036,1.3284123773854812,2.6517024948013024,2.175718481939768
55,1.0,0.55,1.2986975515837036,1.3294471864958655,2.6517024948013024,2.1686778459521188
56,1.0,0.56,1.2986975515837036,1.3304971799233045,2.6517024948013024,2.1616928897754457
57,1.0,0.5700000000000001,1.2986975515837036,1.3315622449113522,2.6517024948013024,2.1547632040347717
58,1.0,0.58,1.2986975515837036,1.3326422697719025,2.6517024948013024,2.147888383208004
59,1.0,0.59,1.2986975515837036,1.3337371438723185,2.6517024948013024,2.1410680255814163
60,1.0,0.6,1.2986975515837036,1.3348467576227527,2.6517024948013024,2.1343017332057244
61,1.0,0.61,1.2986975515837036,1.3359710024636295,2.6517024948013024,2.127589111852803
62,1.0,0.62,1.2986975515837036,1.3371097708533273,2.6517024948013024,2.1209297709729285
63,1.0,0.63,1.2986975515837036,1.3382629562560198,2.6517024948013024,2.114323323652627
64,1.0,0.64,1.2986975515837036,1.3394304531296868,2.6517024948013024,2.1077693865731155
65,1.0,0.65,1.2986975515837036,1.3406121569143044,2.6517024948013024,2.1012675799692637
66,1.0,0.66,1.2986975515837036,1.3418079640202012,2.6517024948013024,2.0948175275890994
67,1.0,0.67,1.2986975515837036,1.3430177718165637,2.6517024948013024,2.088418856653905
68,1.0,0.68,1.2986975515837036,1.3442414786201187,2.6517024948013024,2.082071197818798
69,1.0,0.6900000000000001,1.2986975515837036,1.3454789836839671,2.6517024948013024,2.0757741851338607
70,1.0,0.7000000000000001,1.2986975515837036,1.346730187186568,2.6517024948013024,2.0695274560057957
71,1.0,0.71,1.2986975515837036,1.3479949902208919,2.6517024948013024,2.0633306511600544
72,1.0,0.72,1.2986975515837036,1.3492732947837038,2.6517024948013024,2.057183414603514
73,1.0,0.73,1.2986975515837036,1.350565003765016,2.6517024948013024,2.0510853935876066
74,1.0,0.74,1.2986975515837036,1.351870020937668,2.6517024948013024,2.0450362385719743
75,1.0,0.75,1.2986975515837036,1.3531882509470678,2.6517024948013024,2.0390356031885606
76,1.0,0.76,1.2986975515837036,1.3545195993010557,2.6517024948013024,2.0330831442062234
77,1.0,0.77,1.2986975515837036,1.3558639723599295,2.6517024948013024,2.0271785214957596
78,1.0,0.78,1.2986975515837036,1.357221277326587,2.6517024948013024,2.0213213979954303
79,1.0,0.79,1.2986975515837036,1.358591422236814,2.6517024948013024,2.015511439676925
80,1.0,0.8,1.2986975515837036,1.3599743159497066,2.6517024948013024,2.009748315511751
81,1.0,0.81,1.2986975515837036,1.3613698681382131,2.6517024948013024,2.0040316974380956
82,1.0,0.8200000000000001,1.2986975515837036,1.3627779892798237,2.6517024948013024,1.9983612603280805
83,1.0,0.8300000000000001,1.2986975515837036,1.364198590647364,2.6517024948013024,1.9927366819554782
84,1.0,0.84,1.2986975515837036,1.3656315842999365,2.6517024948013024,1.9871576429638136
85,1.0,0.85,1.2986975515837036,1.3670768830739637,2.6517024948013024,1.9816238268349184
86,1.0,0.86,1.2986975515837036,1.368534400574369,2.6517024948013024,1.9761349198578353
87,1.0,0.87,1.2986975515837036,1.3700040511658735,2.6517024948013024,1.9706906110981754
88,1.0,0.88,1.2986975515837036,1.3714857499643909,2.6517024948013024,1.9652905923678545
89,1.0,0.89,1.2986975515837036,1.3729794128285757,2.6517024948013024,1.9599345581951915
90,1.0,0.9,1.2986975515837036,1.374484956351449,2.6517024948013024,1.954622205795423
91,1.0,0.91,1.2986975515837036,1.37600229785215,2.6517024948013024,1.9493532350415923
92,1.0,0.92,1.2986975515837036,1.377531355367812,2.6517024948013024,1.9441273484357753
93,1.0,0.93,1.2986975515837036,1.3790720476455178,2.6517024948013024,1.9389442510807262
94,1.0,0.9400000000000001,1.2986975515837036,1.3806242941343894,2.6517024948013024,1.9338036506518312
95,1.0,0.9500000000000001,1.2986975515837036,1.3821880149777641,2.6517024948013024,1.9287052573694672
96,1.0,0.96,1.2986975515837036,1.383763131005491,2.6517024948013024,1.923648783971659
97,1.0,0.97,1.2986975515837036,1.385349563726311,2.6517024948013024,1.9186339456871366
98,1.0,0.98,1.2986975515837036,1.3869472353203518,2.6517024948013024,1.9136604602086877
99,1.0,0.99,1.2986975515837036,1.3885560686317178,2.6517024948013024,1.9087280476668729
100,2.0,0.0,0.4621871976939597,0.4621871976939597,1.4784646016971357,1.4784646016971357
101,2.0,0.01,0.4621871976939597,0.4622967333642536,1.4784646016971357,1.4590871301712967
102,2.0,0.02,0.4621871976939597,0.4626182400830485,1.4784646016971357,1.4406830095854832
103,2.0,0.03,0.4621871976939597,0.46314148629287677,1.4784646016971357,1.423205399425046
104,2.0,0.04,0.4621871976939597,0.46385677276919485,1.4784646016971357,1.4066099057890706
105,2.0,0.05,0.4621871976939597,0.4647549016885107,1.4784646016971357,1.3908544389916033
106,2.0,0.06,0.4621871976939597,0.46582714770644873,1.4784646016971357,1.375899080422374
107,2.0,0.07,0.4621871976939597,0.46706523090065133,1.4784646016971357,1.3617059579982675
108,2.0,0.08,0.4621871976939597,0.46846129144496274,1.4784646016971357,1.3482391295900447
109,2.0,0.09,0.4621871976939597,0.47000786589187654,1.4784646016971357,1.335464473857523
110,2.0,0.1,0.4621871976939597,0.4716978649498536,1.4784646016971357,1.3233495879705017
111,2.0,0.11,0.4621871976939597,0.4735245526509222,1.4784646016971357,1.311863691733742
112,2.0,0.12,0.4621871976939597,0.47548152681204325,1.4784646016971357,1.3009775376709134
113,2.0,0.13,0.4621871976939597,0.47756270070107626,1.4784646016971357,1.290663326656941
114,2.0,0.14,0.4621871976939597,0.47976228582497416,1.4784646016971357,1.2808946287190788
115,2.0,0.15,0.4621871976939597,0.48207477576402785,1.4784646016971357,1.2716463086556054
116,2.0,0.16,0.4621871976939597,0.4844949309816554,1.4784646016971357,1.2628944561474842
117,2.0,0.17,0.4621871976939597,0.48701776454449963,1.4784646016971357,1.2546163200622227
118,2.0,0.18,0.4621871976939597,0.4896385286923498,1.4784646016971357,1.24679024667137
119,2.0,0.19,0.4621871976939597,0.4923527022018795,1.4784646016971357,1.239395621523491
120,2.0,0.2,0.4621871976939597,0.49515597849220516,1.4784646016971357,1.232412814733228
121,2.0,0.21,0.4621871976939597,0.49804425442404443,1.4784646016971357,1.2258231294641297
122,2.0,0.22,0.4621871976939597,0.5010136197477,1.4784646016971357,1.2196087533990014
123,2.0,0.23,0.4621871976939597,0.5040603471582634,1.4784646016971357,1.213752713006234
124,2.0,0.24,0.4621871976939597,0.50718088291937,1.4784646016971357,1.208238830423716
125,2.0,0.25,0.4621871976939597,0.5103718380195498,1.4784646016971357,1.2030516827950142
126,2.0,0.26,0.4621871976939597,0.5136299798277176,1.4784646016971357,1.1981765639033486
127,2.0,0.27,0.4621871976939597,0.5169522242166389,1.4784646016971357,1.1935994479601673
128,2.0,0.28,0.4621871976939597,0.5203356281253853,1.4784646016971357,1.1893069554144495
129,2.0,0.29,0.4621871976939597,0.5237773825337179,1.4784646016971357,1.185286320658347
130,2.0,0.3,0.4621871976939597,0.5272748058232062,1.4784646016971357,1.1815253615130088
131,2.0,0.31,0.4621871976939597,0.5308253375015708,1.4784646016971357,1.178012450386284
132,2.0,0.32,0.4621871976939597,0.5344265322683089,1.4784646016971357,1.1747364870012789
133,2.0,0.33,0.4621871976939597,0.5380760544010995,1.4784646016971357,1.1716868726013348
134,2.0,0.34,0.4621871976939597,0.5417716724438914,1.4784646016971357,1.1688534855433954
135,2.0,0.35000000000000003,0.4621871976939597,0.5455112541787348,1.4784646016971357,1.166226658197333
136,2.0,0.36,0.4621871976939597,0.5492927618647052,1.4784646016971357,1.1637971550742512
137,2.0,0.37,0.4621871976939597,0.553114247728225,1.4784646016971357,1.1615561521117692
138,2.0,0.38,0.4621871976939597,0.5569738496901693,1.4784646016971357,1.159495217048849
139,2.0,0.39,0.4621871976939597,0.560869787316088,1.4784646016971357,1.1576062908271947
140,2.0,0.4,0.4621871976939597,0.5648003579766478,1.4784646016971357,1.155881669959935
141,2.0,0.41000000000000003,0.4621871976939597,0.5687639332063539,1.4784646016971357,1.154313989812536
142,2.0,0.42,0.4621871976939597,0.572758955249214,1.4784646016971357,1.1528962087437746
143,2.0,0.43,0.4621871976939597,0.5767839337808369,1.4784646016971357,1.1516215930583062
144,2.0,0.44,0.4621871976939597,0.5808374427970131,1.4784646016971357,1.1504837027251895
145,2.0,0.45,0.4621871976939597,0.584918117659499,1.4784646016971357,1.149476377819399
146,2.0,0.46,0.4621871976939597,0.5890246522902867,1.4784646016971357,1.1485937256463732
147,2.0,0.47000000000000003,0.4621871976939597,0.5931557965061127,1.4784646016971357,1.14783010851159
148,2.0,0.48,0.4621871976939597,0.5973103534855704,1.4784646016971357,1.1471801320999182
149,2.0,0.49,0.4621871976939597,0.6014871773615216,1.4784646016971357,1.14663863443127
150,2.0,0.5,0.4621871976939597,0.6056851709320431,1.4784646016971357,1.146200675361299
151,2.0,0.51,0.4621871976939597,0.6099032834834826,1.4784646016971357,1.1458615265976162
152,2.0,0.52,0.4621871976939597,0.614140508719619,1.4784646016971357,1.1456166622038804
153,2.0,0.53,0.4621871976939597,0.6183958827912388,1.4784646016971357,1.145461749565526
154,2.0,0.54,0.4621871976939597,0.6226684824208057,1.4784646016971357,1.1453926407927206
155,2.0,0.55,0.4621871976939597,0.6269574231171854,1.4784646016971357,1.1454053645372755
156,2.0,0.56,0.4621871976939597,0.6312618574756943,1.4784646016971357,1.1454961182017995
157,2.0,0.5700000000000001,0.4621871976939597,0.635580973559017,1.4784646016971357,1.145661260520481
158,2.0,0.58,0.4621871976939597,0.6399139933547424,1.4784646016971357,1.1458973044921916
159,2.0,0.59,0.4621871976939597,0.6442601713056267,1.4784646016971357,1.1462009106475837
160,2.0,0.6,0.4621871976939597,0.648618792908751,1.4784646016971357,1.1465688806329826
161,2.0,0.61,0.4621871976939597,0.6529891733800892,1.4784646016971357,1.1469981510948029
162,2.0,0.62,0.4621871976939597,0.6573706563811559,1.4784646016971357,1.1474857878491291
163,2.0,0.63,0.4621871976939597,0.6617626128045555,1.4784646016971357,1.148028980322
164,2.0,0.64,0.4621871976939597,0.6661644396154653,1.4784646016971357,1.1486250362466146
165,2.0,0.65,0.4621871976939597,0.670575558746268,1.4784646016971357,1.1492713766046665
166,2.0,0.66,0.4621871976939597,0.6749954160416185,1.4784646016971357,1.1499655307994228
167,2.0,0.67,0.4621871976939597,0.6794234802515005,1.4784646016971357,1.1507051320491255
168,2.0,0.68,0.4621871976939597,0.6838592420698526,1.4784646016971357,1.1514879129896691
169,2.0,0.6900000000000001,0.4621871976939597,0.6883022132165167,1.4784646016971357,1.1523117014763213
170,2.0,0.7000000000000001,0.4621871976939597,0.6927519255604099,1.4784646016971357,1.1531744165746134
171,2.0,0.71,0.4621871976939597,0.6972079302818845,1.4784646016971357,1.1540740647312064
172,2.0,0.72,0.4621871976939597,0.7016697970723721,1.4784646016971357,1.1550087361159205
173,2.0,0.73,0.4621871976939597,0.7061371133695105,1.4784646016971357,1.1559766011266561
174,2.0,0.74,0.4621871976939597,0.7106094836260461,1.4784646016971357,1.156975907049328
175,2.0,0.75,0.4621871976939597,0.7150865286109083,1.4784646016971357,1.1580049748653938
176,2.0,0.76,0.4621871976939597,0.7195678847408566,1.4784646016971357,1.1590621961998455
177,2.0,0.77,0.4621871976939597,0.7240532034413296,1.4784646016971357,1.1601460304030404
178,2.0,0.78,0.4621871976939597,0.7285421505350761,1.4784646016971357,1.1612550017600174
179,2.0,0.79,0.4621871976939597,0.733034405657223,1.4784646016971357,1.1623876968212175
180,2.0,0.8,0.4621871976939597,0.7375296616956217,1.4784646016971357,1.1635427618489884
181,2.0,0.81,0.4621871976939597,0.7420276242551989,1.4784646016971357,1.1647189003743508
182,2.0,0.8200000000000001,0.4621871976939597,0.7465280111452859,1.4784646016971357,1.165914870859003
183,2.0,0.8300000000000001,0.4621871976939597,0.7510305518887815,1.4784646016971357,1.1671294844575604
184,2.0,0.84,0.4621871976939597,0.7555349872521984,1.4784646016971357,1.1683616028754797
185,2.0,0.85,0.4621871976939597,0.760041068795603,1.4784646016971357,1.1696101363182108
186,2.0,0.86,0.4621871976939597,0.76454855844155,1.4784646016971357,1.1708740415274208
187,2.0,0.87,0.4621871976939597,0.7690572280621566,1.4784646016971357,1.172152319900316
188,2.0,0.88,0.4621871976939597,0.7735668590834583,1.4784646016971357,1.1734440156882364
189,2.0,0.89,0.4621871976939597,0.7780772421063087,1.4784646016971357,1.1747482142709964
190,2.0,0.9,0.4621871976939597,0.7825881765430391,1.4784646016971357,1.1760640405034872
191,2.0,0.91,0.4621871976939597,0.7870994702692145,1.4784646016971357,1.177390657131355
192,2.0,0.92,0.4621871976939597,0.7916109392897684,1.4784646016971357,1.1787272632726107
193,2.0,0.93,0.4621871976939597,0.7961224074189027,1.4784646016971357,1.180073092962258
194,2.0,0.9400000000000001,0.4621871976939597,0.8006337059731303,1.4784646016971357,1.1814274137571041
195,2.0,0.9500000000000001,0.4621871976939597,0.8051446734769032,1.4784646016971357,1.1827895253981695
196,2.0,0.96,0.4621871976939597,0.8096551553802263,1.4784646016971357,1.1841587585280249
197,2.0,0.97,0.4621871976939597,0.8141650037877933,1.4784646016971357,1.185534473460789
198,2.0,0.98,0.4621871976939597,0.8186740771990941,1.4784646016971357,1.1869160590023664
199,2.0,0.99,0.4621871976939597,0.8231822402590174,1.4784646016971357,1.1883029313187747
200,3.0,0.0,0.3430367040214022,0.3430367040214022,0.7649805622233483,0.7649805622233483
201,3.0,0.01,0.3430367040214022,0.3431925962803836,0.7649805622233483,0.7635636207796944
202,3.0,0.02,0.3430367040214022,0.34363084266110766,0.7649805622233483,0.7639660382475212
203,3.0,0.03,0.3430367040214022,0.34431489858956965,0.7649805622233483,0.7657787689539124
204,3.0,0.04,0.3430367040214022,0.3452160709685542,0.7649805622233483,0.768694090470952
205,3.0,0.05,0.3430367040214022,0.34631140778763236,0.7649805622233483,0.7724777351191001
206,3.0,0.06,0.3430367040214022,0.34758222155149926,0.7649805622233483,0.776949388927926
207,3.0,0.07,0.3430367040214022,0.3490130402811963,0.7649805622233483,0.7819688447337327
208,3.0,0.08,0.3430367040214022,0.35059085169427223,0.7649805622233483,0.7874260383086367
209,3.0,0.09,0.3430367040214022,0.35230455143060646,0.7649805622233483,0.7932337908376472
210,3.0,0.1,0.3430367040214022,0.35414453524759204,0.7649805622233483,0.7993224632696357
211,3.0,0.11,0.3430367040214022,0.35610239408956845,0.7649805622233483,0.8056359781386959
212,3.0,0.12,0.3430367040214022,0.3581706835348854,0.7649805622233483,0.812128830703488
213,3.0,0.13,0.3430367040214022,0.36034274760991697,0.7649805622233483,0.8187638234170642
214,3.0,0.14,0.3430367040214022,0.36261258275325514,0.7649805622233483,0.8255103344509838
215,3.0,0.15,0.3430367040214022,0.36497473171933575,0.7649805622233483,0.8323429841263833
216,3.0,0.16,0.3430367040214022,0.3674242000132396,0.7649805622233483,0.8392406003352869
217,3.0,0.17,0.3430367040214022,0.3699563894304051,0.7649805622233483,0.8461854104104546
218,3.0,0.18,0.3430367040214022,0.37256704469106117,0.7649805622233483,0.8531624057785004
219,3.0,0.19,0.3430367040214022,0.3752522101806977,0.7649805622233483,0.8601588393699607
220,3.0,0.2,0.3430367040214022,0.37800819455133966,0.7649805622233483,0.8671638257030916
221,3.0,0.21,0.3430367040214022,0.38083154148411813,0.7649805622233483,0.874168020867631
222,3.0,0.22,0.3430367040214022,0.3837190053173303,0.7649805622233483,0.8811633650512636
223,3.0,0.23,0.3430367040214022,0.38666753054523517,0.7649805622233483,0.8881428742947488
224,3.0,0.24,0.3430367040214022,0.3896742344187219,0.7649805622233483,0.8951004712010301
225,3.0,0.25,0.3430367040214022,0.39273639204989563,0.7649805622233483,0.902030846624049
226,3.0,0.26,0.3430367040214022,0.39585142355248326,0.7649805622233483,0.9089293461143491
227,3.0,0.27,0.3430367040214022,0.3990168828495508,0.7649805622233483,0.9157918762405022
228,3.0,0.28,0.3430367040214022,0.40223044785654605,0.7649805622233483,0.9226148269388941
229,3.0,0.29,0.3430367040214022,0.40548991180706834,0.7649805622233483,0.929395006845074
230,3.0,0.3,0.3430367040214022,0.40879317553494254,0.7649805622233483,0.9361295891830599
231,3.0,0.31,0.3430367040214022,0.41213824056234327,0.7649805622233483,0.9428160662764571
232,3.0,0.32,0.3430367040214022,0.4155232028721963,0.7649805622233483,0.9494522111283252
233,3.0,0.33,0.3430367040214022,0.4189462472655253,0.7649805622233483,0.9560360448191532
234,3.0,0.34,0.3430367040214022,0.4224056422224167,0.7649805622233483,0.96256580871204
235,3.0,0.35000000000000003,0.3430367040214022,0.42589973519940094,0.7649805622233483,0.9690399406447505
236,3.0,0.36,0.3430367040214022,0.4294269483076553,0.7649805622233483,0.9754570544409861
237,3.0,0.37,0.3430367040214022,0.4329857743255503,0.7649805622233483,0.9818159221952236
238,3.0,0.38,0.3430367040214022,0.4365747730066244,0.7649805622233483,0.9881154588838819
239,3.0,0.39,0.3430367040214022,0.44019256765010256,0.7649805622233483,0.994354708935124
240,3.0,0.4,0.3430367040214022,0.44383784190607234,0.7649805622233483,1.0005328344537563
241,3.0,0.41000000000000003,0.3430367040214022,0.44750933679149574,0.7649805622233483,1.0066491048501576
242,3.0,0.42,0.3430367040214022,0.4512058478966239,0.7649805622233483,1.0127028876647208
243,3.0,0.43,0.3430367040214022,0.45492622276414757,0.7649805622233483,1.018693640414238
244,3.0,0.44,0.3430367040214022,0.4586693584257605,0.7649805622233483,1.0246209033151927
245,3.0,0.45,0.3430367040214022,0.4624341990827316,0.7649805622233483,1.0304842927624878
246,3.0,0.46,0.3430367040214022,0.4662197339187473,0.7649805622233483,1.0362834954615163
247,3.0,0.47000000000000003,0.3430367040214022,0.4700249950346256,0.7649805622233483,1.0420182631275472
248,3.0,0.48,0.3430367040214022,0.4738490554957097,0.7649805622233483,1.0476884076797075
249,3.0,0.49,0.3430367040214022,0.47769102748371906,0.7649805622233483,1.0532937968677851
250,3.0,0.5,0.3430367040214022,0.48155006054571453,0.7649805622233483,1.0588343502795472
251,3.0,0.51,0.3430367040214022,0.4854253399335392,0.7649805622233483,1.0643100356836197
252,3.0,0.52,0.3430367040214022,0.489316085027776,0.7649805622233483,1.069720865669776
253,3.0,0.53,0.3430367040214022,0.49322154784077166,0.7649805622233483,1.0750668945535944
254,3.0,0.54,0.3430367040214022,0.49714101159378943,0.7649805622233483,1.0803482155171908
255,3.0,0.55,0.3430367040214022,0.5010737893637722,0.7649805622233483,1.085564957961614
256,3.0,0.56,0.3430367040214022,0.5050192227955648,0.7649805622233483,1.090717285049428
257,3.0,0.5700000000000001,0.3430367040214022,0.5089766808757873,0.7649805622233483,1.0958053914192525
258,3.0,0.58,0.3430367040214022,0.512945558764818,0.7649805622233483,1.1008295010559457
259,3.0,0.59,0.3430367040214022,0.5169252766836612,0.7649805622233483,1.1057898653023042
260,3.0,0.6,0.3430367040214022,0.5209152788526366,0.7649805622233483,1.1106867609999314
261,3.0,0.61,0.3430367040214022,0.5249150324791318,0.7649805622233483,1.1155204887482104
262,3.0,0.62,0.3430367040214022,0.5289240267917621,0.7649805622233483,1.1202913712717075
263,3.0,0.63,0.3430367040214022,0.5329417721184954,0.7649805622233483,1.1249997518873567
264,3.0,0.64,0.3430367040214022,0.53696779900651,0.7649805622233483,1.12964599306374
265,3.0,0.65,0.3430367040214022,0.541001657381565,0.7649805622233483,1.1342304750655947
266,3.0,0.66,0.3430367040214022,0.5450429157449646,0.7649805622233483,1.1387535946773188
267,3.0,0.67,0.3430367040214022,0.5490911604061661,0.7649805622233483,1.1432157639999363
268,3.0,0.68,0.3430367040214022,0.5531459947493009,0.7649805622233483,1.1476174093164766
269,3.0,0.6900000000000001,0.3430367040214022,0.5572070385319281,0.7649805622233483,1.1519589700212445
270,3.0,0.7000000000000001,0.3430367040214022,0.5612739272144357,0.7649805622233483,1.1562408976087555
271,3.0,0.71,0.3430367040214022,0.5653463113186528,0.7649805622233483,1.1604636547185825
272,3.0,0.72,0.3430367040214022,0.5694238558142033,0.7649805622233483,1.1646277142326817
273,3.0,0.73,0.3430367040214022,0.5735062395313593,0.7649805622233483,1.1687335584219807
274,3.0,0.74,0.3430367040214022,0.5775931545990802,0.7649805622233483,1.1727816781392717
275,3.0,0.75,0.3430367040214022,0.5816843059070784,0.7649805622233483,1.1767725720557896
276,3.0,0.76,0.3430367040214022,0.5857794105908088,0.7649805622233483,1.180706745938914
277,3.0,0.77,0.3430367040214022,0.5898781975382887,0.7649805622233483,1.184584711968679
278,3.0,0.78,0.3430367040214022,0.5939804069177503,0.7649805622233483,1.1884069880910015
279,3.0,0.79,0.3430367040214022,0.598085789725207,0.7649805622233483,1.192174097405557
280,3.0,0.8,0.3430367040214022,0.6021941073509698,0.7649805622233483,1.1958865675864598
281,3.0,0.81,0.3430367040214022,0.6063051311642849,0.7649805622233483,1.1995449303340222
282,3.0,0.8200000000000001,0.3430367040214022,0.6104186421152966,0.7649805622233483,1.2031497208559365
283,3.0,0.8300000000000001,0.3430367040214022,0.6145344303534952,0.7649805622233483,1.2067014773763611
284,3.0,0.84,0.3430367040214022,0.6186522948620057,0.7649805622233483,1.2102007406714608
285,3.0,0.85,0.3430367040214022,0.6227720431068975,0.7649805622233483,1.2136480536300471
286,3.0,0.86,0.3430367040214022,0.6268934907009751,0.7649805622233483,1.2170439608380756
287,3.0,0.87,0.3430367040214022,0.6310164610813062,0.7649805622233483,1.220389008185803
288,3.0,0.88,0.3430367040214022,0.6351407851999402,0.7649805622233483,1.2236837424963576
289,3.0,0.89,0.3430367040214022,0.6392663012272508,0.7649805622233483,1.2269287111748806
290,3.0,0.9,0.3430367040214022,0.6433928542672777,0.7649805622233483,1.2301244618769869
291,3.0,0.91,0.3430367040214022,0.6475202960846779,0.7649805622233483,1.2332715421957507
292,3.0,0.92,0.3430367040214022,0.6516484848426221,0.7649805622233483,1.2363704993662312
293,3.0,0.93,0.3430367040214022,0.6557772848513144,0.7649805622233483,1.239421879986758
294,3.0,0.9400000000000001,0.3430367040214022,0.6599065663266006,0.7649805622233483,1.2424262297560609
295,3.0,0.9500000000000001,0.3430367040214022,0.6640362051582164,0.7649805622233483,1.245384093225522
296,3.0,0.96,0.3430367040214022,0.6681660826873602,0.7649805622233483,1.2482960135659011
297,3.0,0.97,0.3430367040214022,0.6722960854930646,0.7649805622233483,1.2511625323476208
298,3.0,0.98,0.3430367040214022,0.6764261051871303,0.7649805622233483,1.2539841893342567
299,3.0,0.99,0.3430367040214022,0.6805560382171377,0.7649805622233483,1.2567615222882753
300,4.0,0.0,0.3424995651321625,0.3424995651321625,0.6677678597577777,0.6677678597577777
301,4.0,0.01,0.3424995651321625,0.34299694760016547,0.6677678597577777,0.619761461001074
302,4.0,0.02,0.3424995651321625,0.34387951343759005,0.6677678597577777,0.6090045936368299
303,4.0,0.03,0.3424995651321625,0.3448461046314483,0.6677678597577777,0.6106945351107328
304,4.0,0.04,0.3424995651321625,0.34584175552874286,0.6677678597577777,0.6170473902178469
305,4.0,0.05,0.3424995651321625,0.346861499273564,0.6677678597577777,0.6251357177892567
306,4.0,0.06,0.3424995651321625,0.34791042153952106,0.6677678597577777,0.6337320181664194
307,4.0,0.07,0.3424995651321625,0.34899446911617343,0.6677678597577777,0.6422906813752183
308,4.0,0.08,0.3424995651321625,0.3501184564201225,0.6677678597577777,0.6505667591736312
309,4.0,0.09,0.3424995651321625,0.351285869017875,0.6677678597577777,0.6584568114147479
310,4.0,0.1,0.3424995651321625,0.3524990798256715,0.6677678597577777,0.6659268074658679
311,4.0,0.11,0.3424995651321625,0.35375961162651715,0.6677678597577777,0.6729773735204949
312,4.0,0.12,0.3424995651321625,0.35506835787666546,0.6677678597577777,0.6796262430752867
313,4.0,0.13,0.3424995651321625,0.3564257507757337,0.6677678597577777,0.6858990965784152
314,4.0,0.14,0.3424995651321625,0.3578318847849689,0.6677678597577777,0.691824683503366
315,4.0,0.15,0.3424995651321625,0.35928660642473953,0.6677678597577777,0.6974322112989091
316,4.0,0.16,0.3424995651321625,0.36078957956063884,0.6677678597577777,0.7027499682285763
317,4.0,0.17,0.3424995651321625,0.36234033312620983,0.6677678597577777,0.7078046312317603
318,4.0,0.18,0.3424995651321625,0.3639382962912697,0.6677678597577777,0.7126209583408394
319,4.0,0.19,0.3424995651321625,0.3655828246235292,0.6677678597577777,0.7172216971517319
320,4.0,0.2,0.3424995651321625,0.36727321974385146,0.6677678597577777,0.7216276130682994
321,4.0,0.21,0.3424995651321625,0.36900874424015256,0.6677678597577777,0.7258575815827527
322,4.0,0.22,0.3424995651321625,0.3707886330923445,0.6677678597577777,0.729928712101804
323,4.0,0.23,0.3424995651321625,0.3726121025034558,0.6677678597577777,0.7338564843926074
324,4.0,0.24,0.3424995651321625,0.3744783567821549,0.6677678597577777,0.7376548867447122
325,4.0,0.25,0.3424995651321625,0.3763865937460057,0.6677678597577777,0.7413365497333697
326,4.0,0.26,0.3424995651321625,0.3783360089901266,0.6677678597577777,0.744912872341919
327,4.0,0.27,0.3424995651321625,0.38032579927686394,0.6677678597577777,0.7483941389220964
328,4.0,0.28,0.3424995651321625,0.38235516523786495,0.6677678597577777,0.7517896264930346
329,4.0,0.29,0.3424995651321625,0.38442331353331227,0.6677678597577777,0.7551077024747375
330,4.0,0.3,0.3424995651321625,0.38652945857883975,0.6677678597577777,0.7583559132845425
331,4.0,0.31,0.3424995651321625,0.3886728239253238,0.6677678597577777,0.7615410643971265
332,4.0,0.32,0.3424995651321625,0.3908526433578553,0.6677678597577777,0.7646692925432202
333,4.0,0.33,0.3424995651321625,0.39306816176592907,0.6677678597577777,0.7677461307378234
334,4.0,0.34,0.3424995651321625,0.39531863582609406,0.6677678597577777,0.7707765668105141
335,4.0,0.35000000000000003,0.3424995651321625,0.3976033345299985,0.6677678597577777,0.7737650960733145
336,4.0,0.36,0.3424995651321625,0.3999215395843357,0.6677678597577777,0.7767157687150303
337,4.0,0.37,0.3424995651321625,0.4022725457042371,0.6677678597577777,0.7796322324610443
338,4.0,0.38,0.3424995651321625,0.40465566081766124,0.6677678597577777,0.7825177709873943
339,4.0,0.39,0.3424995651321625,0.4070702061953031,0.6677678597577777,0.7853753385299886
340,4.0,0.4,0.3424995651321625,0.40951551651796814,0.6677678597577777,0.7882075910847313
341,4.0,0.41000000000000003,0.3424995651321625,0.4119909398914172,0.6677678597577777,0.7910169145529776
342,4.0,0.42,0.3424995651321625,0.4144958378170277,0.6677678597577777,0.793805450149034
343,4.0,0.43,0.3424995651321625,0.4170295851253476,0.6677678597577777,0.7965751173524498
344,4.0,0.44,0.3424995651321625,0.4195915698784325,0.6677678597577777,0.799327634657269
345,4.0,0.45,0.3424995651321625,0.42218119324607994,0.6677678597577777,0.8020645383432389
346,4.0,0.46,0.3424995651321625,0.42479786936021785,0.6677678597577777,0.8047871994695559
347,4.0,0.47000000000000003,0.3424995651321625,0.42744102515115245,0.6677678597577777,0.8074968392701484
348,4.0,0.48,0.3424995651321625,0.4301101001688179,0.6677678597577777,0.8101945431102946
349,4.0,0.49,0.3424995651321625,0.43280454639173616,0.6677678597577777,0.8128812731472177
350,4.0,0.5,0.3424995651321625,0.4355238280260301,0.6677678597577777,0.8155578798222359
351,4.0,0.51,0.3424995651321625,0.4382674212964772,0.6677678597577777,0.8182251122984902
352,4.0,0.52,0.3424995651321625,0.4410348142313741,0.6677678597577777,0.8208836279464111
353,4.0,0.53,0.3424995651321625,0.44382550644266505,0.6677678597577777,0.8235340009683567
354,4.0,0.54,0.3424995651321625,0.44663900890269964,0.6677678597577777,0.8261767302445435
355,4.0,0.55,0.3424995651321625,0.4494748437186532,0.6677678597577777,0.8288122464738341
356,4.0,0.56,0.3424995651321625,0.45233254390566613,0.6677678597577777,0.83144091867562
357,4.0,0.5700000000000001,0.3424995651321625,0.45521165315947826,0.6677678597577777,0.834063060112266
358,4.0,0.58,0.3424995651321625,0.45811172562930236,0.6677678597577777,0.8366789336856715
359,4.0,0.59,0.3424995651321625,0.4610323256915792,0.6677678597577777,0.8392887568562409
360,4.0,0.6,0.3424995651321625,0.4639730277251012,0.6677678597577777,0.8418927061277456
361,4.0,0.61,0.3424995651321625,0.46693341588801107,0.6677678597577777,0.8444909211373643
362,4.0,0.62,0.3424995651321625,0.4699130838970401,0.6677678597577777,0.847083508386409
363,4.0,0.63,0.3424995651321625,0.4729116348093132,0.6677678597577777,0.8496705446437721
364,4.0,0.64,0.3424995651321625,0.4759286808070371,0.6677678597577777,0.8522520800512052
365,4.0,0.65,0.3424995651321625,0.47896384298525196,0.6677678597577777,0.8548281409566495
366,4.0,0.66,0.3424995651321625,0.48201675114291015,0.6677678597577777,0.8573987324995376
367,4.0,0.67,0.3424995651321625,0.4850870435773656,0.6677678597577777,0.8599638409696139
368,4.0,0.68,0.3424995651321625,0.4881743668824706,0.6677678597577777,0.8625234359589887
369,4.0,0.6900000000000001,0.3424995651321625,0.4912783757503567,0.6677678597577777,0.8650774723252188
370,4.0,0.7000000000000001,0.3424995651321625,0.49439873277695534,0.6677678597577777,0.8676258919816544
371,4.0,0.71,0.3424995651321625,0.4975351082713742,0.6677678597577777,0.870168625529829
372,4.0,0.72,0.3424995651321625,0.5006871800691002,0.6677678597577777,0.8727055937473089
373,4.0,0.73,0.3424995651321625,0.5038546333491188,0.6677678597577777,0.8752367089432894
374,4.0,0.74,0.3424995651321625,0.5070371604549132,0.6677678597577777,0.8777618761930691
375,4.0,0.75,0.3424995651321625,0.510234460719362,0.6677678597577777,0.8802809944616258
376,4.0,0.76,0.3424995651321625,0.5134462402935127,0.6677678597577777,0.8827939576255756
377,4.0,0.77,0.3424995651321625,0.5166722119792357,0.6677678597577777,0.8853006554020398
378,4.0,0.78,0.3424995651321625,0.5199120950656807,0.6677678597577777,0.8878009741921579
379,4.0,0.79,0.3424995651321625,0.523165615169561,0.6677678597577777,0.8902947978463921
380,4.0,0.8,0.3424995651321625,0.5264325040791512,0.6677678597577777,0.892782008358073
381,4.0,0.81,0.3424995651321625,0.5297124996020174,0.6677678597577777,0.8952624864911907
382,4.0,0.8200000000000001,0.3424995651321625,0.5330053454163965,0.6677678597577777,0.8977361123478595
383,4.0,0.8300000000000001,0.3424995651321625,0.5363107909261494,0.6677678597577777,0.9002027658804328
384,4.0,0.84,0.3424995651321625,0.5396285911192911,0.6677678597577777,0.9026623273529035
385,4.0,0.85,0.3424995651321625,0.5429585064299551,0.6677678597577777,0.9051146777557275
386,4.0,0.86,0.3424995651321625,0.5463003026038062,0.6677678597577777,0.9075596991779749
387,4.0,0.87,0.3424995651321625,0.5496537505667869,0.6677678597577777,0.909997275140319
388,4.0,0.88,0.3424995651321625,0.5530186262971458,0.6677678597577777,0.9124272908921274
389,4.0,0.89,0.3424995651321625,0.5563947107006918,0.6677678597577777,0.9148496336756345
390,4.0,0.9,0.3424995651321625,0.5597817894891965,0.6677678597577777,0.9172641929599461
391,4.0,0.91,0.3424995651321625,0.5631796530618739,0.6677678597577777,0.9196708606473738
392,4.0,0.92,0.3424995651321625,0.5665880963898782,0.6677678597577777,0.922069531254454
393,4.0,0.93,0.3424995651321625,0.5700069189037562,0.6677678597577777,0.9244601020697664
394,4.0,0.9400000000000001,0.3424995651321625,0.5734359243837668,0.6677678597577777,0.926842473290492
395,4.0,0.9500000000000001,0.3424995651321625,0.5768749208530264,0.6677678597577777,0.9292165481395617
396,4.0,0.96,0.3424995651321625,0.5803237204733829,0.6677678597577777,0.9315822329650085
397,4.0,0.97,0.3424995651321625,0.583782139444013,0.6677678597577777,0.9339394373231017
398,4.0,0.98,0.3424995651321625,0.5872499979025845,0.6677678597577777,0.9362880740466252
399,4.0,0.99,0.3424995651321625,0.5907271198290049,0.6677678597577777,0.9386280592996219
400,5.0,0.0,0.23574216182968383,0.23574216182968383,10.348641175838834,10.348641175838834
401,5.0,0.01,0.23574216182968383,0.28840959468144545,10.348641175838834,1.420587923872609
402,5.0,0.02,0.23574216182968383,0.31350575897007954,10.348641175838834,0.8529791649904138
403,5.0,0.03,0.23574216182968383,0.3265251063199199,10.348641175838834,0.7236305136776514
404,5.0,0.04,0.23574216182968383,0.33467640101378515,10.348641175838834,0.6784390643974852
405,5.0,0.05,0.23574216182968383,0.3403999976816917,10.348641175838834,0.6591520945409448
406,5.0,0.06,0.23574216182968383,0.3447444670065399,10.348641175838834,0.6502386224801212
407,5.0,0.07,0.23574216182968383,0.3482371639698309,10.348641175838834,0.6462642653566666
408,5.0,0.08,0.23574216182968383,0.35117346089629686,10.348641175838834,0.6449553700659486
409,5.0,0.09,0.23574216182968383,0.3537321272162906,10.348641175838834,0.645230570330301
410,5.0,0.1,0.23574216182968383,0.35602783095892304,10.348641175838834,0.6465228232590366
411,5.0,0.11,0.23574216182968383,0.35813750165819935,10.348641175838834,0.6485107161420193
412,5.0,0.12,0.23574216182968383,0.36011461786784604,10.348641175838834,0.650999942545473
413,5.0,0.13,0.23574216182968383,0.3619974357306442,10.348641175838834,0.6538664034375247
414,5.0,0.14,0.23574216182968383,0.36381396879040506,10.348641175838834,0.6570269491726788
415,5.0,0.15,0.23574216182968383,0.3655851283193881,10.348641175838834,0.6604234514232545
416,5.0,0.16,0.23574216182968383,0.3673267736103323,10.348641175838834,0.6640137031645947
417,5.0,0.17,0.23574216182968383,0.36905109092329685,10.348641175838834,0.6677659993018652
418,5.0,0.18,0.23574216182968383,0.3707675450218422,10.348641175838834,0.6716557901392881
419,5.0,0.19,0.23574216182968383,0.37248355065500516,10.348641175838834,0.6756635475000934
420,5.0,0.2,0.23574216182968383,0.3742049558510169,10.348641175838834,0.6797733644005967
421,5.0,0.21,0.23574216182968383,0.37593639590358435,10.348641175838834,0.6839720118452762
422,5.0,0.22,0.23574216182968383,0.37768155672799253,10.348641175838834,0.6882482881726343
423,5.0,0.23,0.23574216182968383,0.37944337355597324,10.348641175838834,0.6925925601980621
424,5.0,0.24,0.23574216182968383,0.3812241827519673,10.348641175838834,0.6969964328965426
425,5.0,0.25,0.23574216182968383,0.38302583914609295,10.348641175838834,0.7014525069921196
426,5.0,0.26,0.23574216182968383,0.38484980766435717,10.348641175838834,0.7059541978034288
427,5.0,0.27,0.23574216182968383,0.386697235568233,10.348641175838834,0.7104955975273511
428,5.0,0.28,0.23574216182968383,0.38856900990273613,10.348641175838834,0.7150713688351044
429,5.0,0.29,0.23574216182968383,0.39046580354576393,10.348641175838834,0.7196766613919127
430,5.0,0.3,0.23574216182968383,0.3923881123902806,10.348641175838834,0.7243070454065829
431,5.0,0.31,0.23574216182968383,0.39433628556840405,10.348641175838834,0.7289584580099648
432,5.0,0.32,0.23574216182968383,0.3963105501711527,10.348641175838834,0.7336271594267377
433,5.0,0.33,0.23574216182968383,0.3983110315811078,10.348641175838834,0.7383096967184948
434,5.0,0.34,0.23574216182968383,0.4003377702839048,10.348641175838834,0.7430028734515548
435,5.0,0.35000000000000003,0.23574216182968383,0.40239073583506735,10.348641175838834,0.7477037240548502
436,5.0,0.36,0.23574216182968383,0.4044698385146729,10.348641175838834,0.7524094919318264
437,5.0,0.37,0.23574216182968383,0.40657493909188525,10.348641175838834,0.7571176106088048
438,5.0,0.38,0.23574216182968383,0.4087058570361026,10.348641175838834,0.7618256873642621
439,5.0,0.39,0.23574216182968383,0.41086237744504844,10.348641175838834,0.7665314889044251
440,5.0,0.4,0.23574216182968383,0.4130442569080933,10.348641175838834,0.7712329287421199
441,5.0,0.41000000000000003,0.23574216182968383,0.41525122848204093,10.348641175838834,0.7759280560053972
442,5.0,0.42,0.23574216182968383,0.41748300592408116,10.348641175838834,0.7806150454561946
443,5.0,0.43,0.23574216182968383,0.4197392873005247,10.348641175838834,0.7852921885407617
444,5.0,0.44,0.23574216182968383,0.42201975806914105,10.348641175838834,0.7899578853262395
445,5.0,0.45,0.23574216182968383,0.42432409371603586,10.348641175838834,0.7946106372034102
446,5.0,0.46,0.23574216182968383,0.42665196201433697,10.348641175838834,0.7992490402559824
447,5.0,0.47000000000000003,0.23574216182968383,0.4290030249608537,10.348641175838834,0.8038717792132611
448,5.0,0.48,0.23574216182968383,0.4313769404377385,10.348641175838834,0.8084776219161066
449,5.0,0.49,0.23574216182968383,0.4337733636387133,10.348641175838834,0.8130654142369395
450,5.0,0.5,0.23574216182968383,0.43619194829320584,10.348641175838834,0.8176340754031344
451,5.0,0.51,0.23574216182968383,0.43863234771664716,10.348641175838834,0.8221825936805579
452,5.0,0.52,0.23574216182968383,0.4410942157109139,10.348641175838834,0.8267100223798635
453,5.0,0.53,0.23574216182968383,0.44357720733531436,10.348641175838834,0.8312154761532174
454,5.0,0.54,0.23574216182968383,0.44608097956556375,10.348641175838834,0.8356981275532139
455,5.0,0.55,0.23574216182968383,0.44860519185568715,10.348641175838834,0.8401572038294052
456,5.0,0.56,0.23574216182968383,0.45114950661563846,10.348641175838834,0.844591983940674
457,5.0,0.5700000000000001,0.23574216182968383,0.45371358961568675,10.348641175838834,0.8490017957644809
458,5.0,0.58,0.23574216182968383,0.4562971103270687,10.348641175838834,0.8533860134858904
459,5.0,0.59,0.23574216182968383,0.45889974220713503,10.348641175838834,0.857744055151405
460,5.0,0.6,0.23574216182968383,0.4615211629360826,10.348641175838834,0.8620753803741852
461,5.0,0.61,0.23574216182968383,0.4641610546115019,10.348641175838834,0.8663794881784955
462,5.0,0.62,0.23574216182968383,0.4668191039060532,10.348641175838834,0.8706559149727774
463,5.0,0.63,0.23574216182968383,0.4694950021930077,10.348641175838834,0.8749042326413382
464,5.0,0.64,0.23574216182968383,0.47218844564366935,10.348641175838834,0.8791240467461461
465,5.0,0.65,0.23574216182968383,0.4748991353003041,10.348641175838834,0.8833149948305223
466,5.0,0.66,0.23574216182968383,0.4776267771276761,10.348641175838834,0.8874767448176686
467,5.0,0.67,0.23574216182968383,0.4803710820458839,10.348641175838834,0.8916089934973146
468,5.0,0.68,0.23574216182968383,0.483131765946974,10.348641175838834,0.8957114650945833
469,5.0,0.6900000000000001,0.23574216182968383,0.4859085496973637,10.348641175838834,0.8997839099155212
470,5.0,0.7000000000000001,0.23574216182968383,0.4887011591279665,10.348641175838834,0.9038261030642608
471,5.0,0.71,0.23574216182968383,0.4915093250136393,10.348641175838834,0.9078378432272541
472,5.0,0.72,0.23574216182968383,0.49433278304337797,10.348641175838834,0.9118189515202495
473,5.0,0.73,0.23574216182968383,0.49717127378253795,10.348641175838834,0.9157692703941601
474,5.0,0.74,0.23574216182968383,0.5000245426282073,10.348641175838834,0.9196886625962207
475,5.0,0.75,0.23574216182968383,0.5028923397586615,10.348641175838834,0.923577010183073
476,5.0,0.76,0.23574216182968383,0.5057744200778581,10.348641175838834,0.9274342135826581
477,5.0,0.77,0.23574216182968383,0.5086705431556525,10.348641175838834,0.9312601907021741
478,5.0,0.78,0.23574216182968383,0.511580473164471,10.348641175838834,0.9350548760792918
479,5.0,0.79,0.23574216182968383,0.5145039788130196,10.348641175838834,0.9388182200743052
480,5.0,0.8,0.23574216182968383,0.5174408332775501,10.348641175838834,0.9425501881008529
481,5.0,0.81,0.23574216182968383,0.5203908141311725,10.348641175838834,0.9462507598930062
482,5.0,0.8200000000000001,0.23574216182968383,0.5233537032715997,10.348641175838834,0.9499199288069043
483,5.0,0.8300000000000001,0.23574216182968383,0.5263292868477256,10.348641175838834,0.9535577011549053
484,5.0,0.84,0.23574216182968383,0.5293173551853096,10.348641175838834,0.9571640955706215
485,5.0,0.85,0.23574216182968383,0.5323177027121202,10.348641175838834,0.9607391424031162
486,5.0,0.86,0.23574216182968383,0.5353301278826801,10.348641175838834,0.9642828831388842
487,5.0,0.87,0.23574216182968383,0.538354433102963,10.348641175838834,0.9677953698500001
488,5.0,0.88,0.23574216182968383,0.541390424655134,10.348641175838834,0.9712766646672357
489,5.0,0.89,0.23574216182968383,0.5444379126225432,10.348641175838834,0.9747268392768623
490,5.0,0.9,0.23574216182968383,0.5474967108150943,10.348641175838834,0.9781459744398645
491,5.0,0.91,0.23574216182968383,0.5505666366951865,10.348641175838834,0.9815341595326046
492,5.0,0.92,0.23574216182968383,0.5536475113042305,10.348641175838834,0.9848914921077022
493,5.0,0.93,0.23574216182968383,0.5567391591899375,10.348641175838834,0.988218077474347
494,5.0,0.9400000000000001,0.23574216182968383,0.5598414083343903,10.348641175838834,0.9915140282969351
495,5.0,0.9500000000000001,0.23574216182968383,0.562954090083034,10.348641175838834,0.9947794642112642
496,5.0,0.96,0.23574216182968383,0.5660770390745726,10.348641175838834,0.9980145114573908
497,5.0,0.97,0.23574216182968383,0.5692100931718926,10.348641175838834,1.001219302528398
498,5.0,0.98,0.23574216182968383,0.5723530933940078,10.348641175838834,1.0043939758343687
499,5.0,0.99,0.23574216182968383,0.575505883849089,10.348641175838834,1.0075386753807412
500,6.0,0.0,0.2357408348331802,0.2357408348331802,10.207510283312516,10.207510283312516
501,6.0,0.01,0.2357408348331802,0.28658446175609287,10.207510283312516,0.987831413036488
502,6.0,0.02,0.2357408348331802,0.31121607344108293,10.207510283312516,0.6843299889101863
503,6.0,0.03,0.2357408348331802,0.32444714889838394,10.207510283312516,0.6420723071907546
504,6.0,0.04,0.2357408348331802,0.3330999947019271,10.207510283312516,0.6367562805741555
505,6.0,0.05,0.2357408348331802,0.3394510103625852,10.207510283312516,0.6399015129853197
506,6.0,0.06,0.2357408348331802,0.3444643688073784,10.207510283312516,0.6455274777619116
507,6.0,0.07,0.2357408348331802,0.3486219070581581,10.207510283312516,0.6518948927762844
508,6.0,0.08,0.2357408348331802,0.35219445858469145,10.207510283312516,0.6583624073541745
509,6.0,0.09,0.2357408348331802,0.35534803437222373,10.207510283312516,0.6646554973884748
510,6.0,0.1,0.2357408348331802,0.3581912889487969,10.207510283312516,0.670650695930438
511,6.0,0.11,0.2357408348331802,0.36079902943923436,10.207510283312516,0.6762969217816522
512,6.0,0.12,0.2357408348331802,0.36322484765905566,10.207510283312516,0.6815810718788491
513,6.0,0.13,0.2357408348331802,0.3655083725378099,10.207510283312516,0.6865107318049559
514,6.0,0.14,0.2357408348331802,0.36767966809785135,10.207510283312516,0.6911046490416108
515,6.0,0.15,0.2357408348331802,0.36976202526597546,10.207510283312516,0.6953871959937807
516,6.0,0.16,0.2357408348331802,0.37177380383904846,10.207510283312516,0.6993850712768447
517,6.0,0.17,0.2357408348331802,0.37372968833680753,10.207510283312516,0.7031253288045383
518,6.0,0.18,0.2357408348331802,0.37564156868707765,10.207510283312516,0.7066342209544102
519,6.0,0.19,0.2357408348331802,0.3775191730094172,10.207510283312516,0.709936549484992
520,6.0,0.2,0.2357408348331802,0.37937053198160653,10.207510283312516,0.7130553349348456
521,6.0,0.21,0.2357408348331802,0.3812023259675509,10.207510283312516,0.7160116849413044
522,6.0,0.22,0.2357408348331802,0.3830201487607324,10.207510283312516,0.7188247849638617
523,6.0,0.23,0.2357408348331802,0.38482871088115556,10.207510283312516,0.7215119621344991
524,6.0,0.24,0.2357408348331802,0.3866319983038661,10.207510283312516,0.7240887904734505
525,6.0,0.25,0.2357408348331802,0.38843339782335784,10.207510283312516,0.7265692170935856
526,6.0,0.26,0.2357408348331802,0.39023579709781087,10.207510283312516,0.728965696464088
527,6.0,0.27,0.2357408348331802,0.3920416652392094,10.207510283312516,0.7312893246914012
528,6.0,0.28,0.2357408348331802,0.3938531182879399,10.207510283312516,0.7335499689813549
529,6.0,0.29,0.2357408348331802,0.3956719728225321,10.207510283312516,0.7357563895425316
530,6.0,0.3,0.2357408348331802,0.39749979016872816,10.207510283312516,0.7379163525497695
531,6.0,0.31,0.2357408348331802,0.39933791309624056,10.207510283312516,0.7400367336565163
532,6.0,0.32,0.2357408348331802,0.40118749646462215,10.207510283312516,0.7421236120883106
533,6.0,0.33,0.2357408348331802,0.40304953295967927,10.207510283312516,0.7441823556780284
534,6.0,0.34,0.2357408348331802,0.40492487481949,10.207510283312516,0.7462176973891541
535,6.0,0.35000000000000003,0.2357408348331802,0.40681425226375995,10.207510283312516,0.748233803966313
536,6.0,0.36,0.2357408348331802,0.4087182891973028,10.207510283312516,0.7502343373853412
537,6.0,0.37,0.2357408348331802,0.41063751664716436,10.207510283312516,0.7522225097708278
538,6.0,0.38,0.2357408348331802,0.41257238430577986,10.207510283312516,0.754201132421964
539,6.0,0.39,0.2357408348331802,0.41452327048370186,10.207510283312516,0.756172659547674
540,6.0,0.4,0.2357408348331802,0.41649049072068556,10.207510283312516,0.7581392272657487
541,6.0,0.41000000000000003,0.2357408348331802,0.4184743052602127,10.207510283312516,0.7601026883723894
542,6.0,0.42,0.2357408348331802,0.4204749255572039,10.207510283312516,0.7620646433404966
543,6.0,0.43,0.2357408348331802,0.4224925199602826,10.207510283312516,0.7640264679593263
544,6.0,0.44,0.2357408348331802,0.42452721868662946,10.207510283312516,0.7659893379850116
545,6.0,0.45,0.2357408348331802,0.42657911818855737,10.207510283312516,0.767954251131997
546,6.0,0.46,0.2357408348331802,0.4286482849953668,10.207510283312516,0.7699220466993487
547,6.0,0.47000000000000003,0.2357408348331802,0.43073475910109155,10.207510283312516,0.7718934230932835
548,6.0,0.48,0.2357408348331802,0.4328385569581601,10.207510283312516,0.7738689534781127
549,6.0,0.49,0.2357408348331802,0.4349596741280667,10.207510283312516,0.7758490997615642
550,6.0,0.5,0.2357408348331802,0.4370980876327355,10.207510283312516,0.7778342250972021
551,6.0,0.51,0.2357408348331802,0.4392537580440265,10.207510283312516,0.7798246050659791
552,6.0,0.52,0.2357408348331802,0.44142663134361537,10.207510283312516,0.7818204376805663
553,6.0,0.53,0.2357408348331802,0.44361664058102745,10.207510283312516,0.7838218523399311
554,6.0,0.54,0.2357408348331802,0.44582370735383847,10.207510283312516,0.785828917847152
555,6.0,0.55,0.2357408348331802,0.4480477431309168,10.207510283312516,0.7878416495908468
556,6.0,0.56,0.2357408348331802,0.45028865043679606,10.207510283312516,0.7898600159792719
557,6.0,0.5700000000000001,0.2357408348331802,0.45254632391299654,10.207510283312516,0.7918839442062657
558,6.0,0.58,0.2357408348331802,0.4548206512700746,10.207510283312516,0.7939133254193865
559,6.0,0.59,0.2357408348331802,0.45711151414247575,10.207510283312516,0.7959480193528519
560,6.0,0.6,0.2357408348331802,0.4594187888568075,10.207510283312516,0.7979878584810126
561,6.0,0.61,0.2357408348331802,0.4617423471228509,10.207510283312516,0.800032651742004
562,6.0,0.62,0.2357408348331802,0.46408205665548696,10.207510283312516,0.8020821878758344
563,6.0,0.63,0.2357408348331802,0.4664377817348384,10.207510283312516,0.8041362384164124
564,6.0,0.64,0.2357408348331802,0.4688093837110136,10.207510283312516,0.8061945603727801
565,6.0,0.65,0.2357408348331802,0.47119672145909497,10.207510283312516,0.8082568986310401
566,6.0,0.66,0.2357408348331802,0.47359965178950364,10.207510283312516,0.8103229881051981
567,6.0,0.67,0.2357408348331802,0.47601802981812136,10.207510283312516,0.8123925556621097
568,6.0,0.68,0.2357408348331802,0.4784517093002268,10.207510283312516,0.8144653218431306
569,6.0,0.6900000000000001,0.2357408348331802,0.48090054293178164,10.207510283312516,0.8165410024027256
570,6.0,0.7000000000000001,0.2357408348331802,0.4833643826212413,10.207510283312516,0.8186193096821922
571,6.0,0.71,0.2357408348331802,0.4858430797347546,10.207510283312516,0.820699953834807
572,6.0,0.72,0.2357408348331802,0.4883364853172603,10.207510283312516,0.8227826439170319
573,6.0,0.73,0.2357408348331802,0.4908444502917988,10.207510283312516,0.8248670888589561
574,6.0,0.74,0.2357408348331802,0.4933668256390912,10.207510283312516,0.8269529983258085
575,6.0,0.75,0.2357408348331802,0.49590346255918805,10.207510283312516,0.8290400834812015
576,6.0,0.76,0.2357408348331802,0.4984542126169069,10.207510283312516,0.8311280576617187
577,6.0,0.77,0.2357408348331802,0.501018927872507,10.207510283312516,0.8332166369714719
578,6.0,0.78,0.2357408348331802,0.5035974609989635,10.207510283312516,0.8353055408044618
579,6.0,0.79,0.2357408348331802,0.5061896653870884,10.207510283312516,0.8373944923017693
580,6.0,0.8,0.2357408348331802,0.508795395239564,10.207510283312516,0.8394832187499319
581,6.0,0.81,0.2357408348331802,0.5114145056548901,10.207510283312516,0.8415714519262567
582,6.0,0.8200000000000001,0.2357408348331802,0.5140468527021866,10.207510283312516,0.8436589283962459
583,6.0,0.8300000000000001,0.2357408348331802,0.5166922934876288,10.207510283312516,0.8457453897678497
584,6.0,0.84,0.2357408348331802,0.5193506862132752,10.207510283312516,0.847830582906778
585,6.0,0.85,0.2357408348331802,0.5220218902289632,10.207510283312516,0.849914260116695
586,6.0,0.86,0.2357408348331802,0.5247057660779083,10.207510283312516,0.8519961792878264
587,6.0,0.87,0.2357408348331802,0.5274021755365081,10.207510283312516,0.8540761040170752
588,6.0,0.88,0.2357408348331802,0.5301109816489422,10.207510283312516,0.8561538037025324
589,6.0,0.89,0.2357408348331802,0.5328320487569413,10.207510283312516,0.8582290536149586
590,6.0,0.9,0.2357408348331802,0.5355652425252415,10.207510283312516,0.8603016349485987
591,6.0,0.91,0.2357408348331802,0.5383104299630298,10.207510283312516,0.8623713348534219
592,6.0,0.92,0.2357408348331802,0.541067479441766,10.207510283312516,0.8644379464507541
593,6.0,0.93,0.2357408348331802,0.5438362607097302,10.207510283312516,0.8665012688340359
594,6.0,0.9400000000000001,0.2357408348331802,0.5466166449035361,10.207510283312516,0.8685611070562941
595,6.0,0.9500000000000001,0.2357408348331802,0.5494085045569155,10.207510283312516,0.8706172721057639
596,6.0,0.96,0.2357408348331802,0.5522117136070126,10.207510283312516,0.872669580870986
597,6.0,0.97,0.2357408348331802,0.5550261473984042,10.207510283312516,0.8747178560965518
598,6.0,0.98,0.2357408348331802,0.5578516826850743,10.207510283312516,0.8767619263305682
599,6.0,0.99,0.2357408348331802,0.5606881976304774,10.207510283312516,0.8788016258648413
600,7.0,0.0,0.2145255885491772,0.2145255885491772,73.41770105201807,73.41770105201807
601,7.0,0.01,0.2145255885491772,0.25279547471549724,73.41770105201807,4.77287092050692
602,7.0,0.02,0.2145255885491772,0.2772029770174911,73.41770105201807,2.3901673962660603
603,7.0,0.03,0.2145255885491772,0.29415120585986254,73.41770105201807,1.6095694412601844
604,7.0,0.04,0.2145255885491772,0.30660432260062964,73.41770105201807,1.2666863577903715
605,7.0,0.05,0.2145255885491772,0.31628136069033397,73.41770105201807,1.0877613831877766
606,7.0,0.06,0.2145255885491772,0.3241334561175151,73.41770105201807,0.982920337506652
607,7.0,0.07,0.2145255885491772,0.33071927310295157,73.41770105201807,0.9161244957194262
608,7.0,0.08,0.2145255885491772,0.3363882153805777,73.41770105201807,0.8707943353120094
609,7.0,0.09,0.2145255885491772,0.3413708463807328,73.41770105201807,0.8384904575392781
610,7.0,0.1,0.2145255885491772,0.3458261640815823,73.41770105201807,0.8145688001965814
611,7.0,0.11,0.2145255885491772,0.3498678407169702,73.41770105201807,0.7963101141828874
612,7.0,0.12,0.2145255885491772,0.35357959269090966,73.41770105201807,0.782039154022641
613,7.0,0.13,0.2145255885491772,0.3570246150010641,73.41770105201807,0.7706789059908306
614,7.0,0.14,0.2145255885491772,0.3602516106572235,73.41770105201807,0.7615112080750845
615,7.0,0.15,0.2145255885491772,0.36329878020532447,73.41770105201807,0.7540416683714641
616,7.0,0.16,0.2145255885491772,0.36619654192881707,73.41770105201807,0.7479201642871672
617,7.0,0.17,0.2145255885491772,0.36896943554327233,73.41770105201807,0.7428923322929759
618,7.0,0.18,0.2145255885491772,0.37163748512365247,73.41770105201807,0.7387690247130172
619,7.0,0.19,0.2145255885491772,0.3742171945625896,73.41770105201807,0.7354065427516311
620,7.0,0.2,0.2145255885491772,0.37672228757767423,73.41770105201807,0.7326935283354264
621,7.0,0.21,0.2145255885491772,0.37916426651170176,73.41770105201807,0.7305420804112827
622,7.0,0.22,0.2145255885491772,0.38155284024961994,73.41770105201807,0.7288816149624014
623,7.0,0.23,0.2145255885491772,0.38389625605644684,73.41770105201807,0.7276545449463487
624,7.0,0.24,0.2145255885491772,0.3862015598482819,73.41770105201807,0.72681319056625
625,7.0,0.25,0.2145255885491772,0.38847480244588506,73.41770105201807,0.7263175357859177
626,7.0,0.26,0.2145255885491772,0.3907212045644095,73.41770105201807,0.7261335761744092
627,7.0,0.27,0.2145255885491772,0.39294528993444433,73.41770105201807,0.7262320860034159
628,7.0,0.28,0.2145255885491772,0.39515099356214206,73.41770105201807,0.7265876866221334
629,7.0,0.29,0.2145255885491772,0.3973417504154568,73.41770105201807,0.7271781340619201
630,7.0,0.3,0.2145255885491772,0.39952056856740803,73.41770105201807,0.7279837680511194
631,7.0,0.31,0.2145255885491772,0.40169008989957,73.41770105201807,0.7289870811914144
632,7.0,0.32,0.2145255885491772,0.4038526407763232,73.41770105201807,0.7301723785304158
633,7.0,0.33,0.2145255885491772,0.40601027457804595,73.41770105201807,0.7315255058202319
634,7.0,0.34,0.2145255885491772,0.40816480758376994,73.41770105201807,0.7330336304665087
635,7.0,0.35000000000000003,0.2145255885491772,0.41031784938849547,73.41770105201807,0.7346850632699782
636,7.0,0.36,0.2145255885491772,0.4124708288039789,73.41770105201807,0.7364691120300855
637,7.0,0.37,0.2145255885491772,0.41462501600743473,73.41770105201807,0.7383759602494496
638,7.0,0.38,0.2145255885491772,0.41678154155772174,73.41770105201807,0.7403965657779004
639,7.0,0.39,0.2145255885491772,0.41894141278402575,73.41770105201807,0.7425225754246862
640,7.0,0.4,0.2145255885491772,0.42110552796083867,73.41770105201807,0.7447462524596395
641,7.0,0.41000000000000003,0.2145255885491772,0.423274688610075,73.41770105201807,0.747060414598026
642,7.0,0.42,0.2145255885491772,0.42544961021230276,73.41770105201807,0.7494583805766922
643,7.0,0.43,0.2145255885491772,0.42763093156153575,73.41770105201807,0.7519339238222492
644,7.0,0.44,0.2145255885491772,0.42981922295928465,73.41770105201807,0.7544812320153133
645,7.0,0.45,0.2145255885491772,0.4320149934119001,73.41770105201807,0.7570948715903332
646,7.0,0.46,0.2145255885491772,0.4342186969692904,73.41770105201807,0.7597697563947498
647,7.0,0.47000000000000003,0.2145255885491772,0.43643073832158125,73.41770105201807,0.7625011198759679
648,7.0,0.48,0.2145255885491772,0.43865147775258784,73.41770105201807,0.7652844902791467
649,7.0,0.49,0.2145255885491772,0.44088123553415703,73.41770105201807,0.768115668430108
650,7.0,0.5,0.2145255885491772,0.443120295833139,73.41770105201807,0.7709907077505525
651,7.0,0.51,0.2145255885491772,0.44536891019236174,73.41770105201807,0.7739058962115187
652,7.0,0.52,0.2145255885491772,0.4476273006383942,73.41770105201807,0.7768577399786496
653,7.0,0.53,0.2145255885491772,0.4498956624614515,73.41770105201807,0.7798429485414807
654,7.0,0.54,0.2145255885491772,0.4521741667066658,73.41770105201807,0.7828584211505966
655,7.0,0.55,0.2145255885491772,0.45446296241066,73.41770105201807,0.7859012344126546
656,7.0,0.56,0.2145255885491772,0.4567621786128936,73.41770105201807,0.7889686309147153
657,7.0,0.5700000000000001,0.2145255885491772,0.45907192616740655,73.41770105201807,0.79205800876722
658,7.0,0.58,0.2145255885491772,0.461392299377314,73.41770105201807,0.7951669119699956
659,7.0,0.59,0.2145255885491772,0.4637233774716264,73.41770105201807,0.7982930215180883
660,7.0,0.6,0.2145255885491772,0.46606522594149624,73.41770105201807,0.8014341471748727
661,7.0,0.61,0.2145255885491772,0.4684178977509643,73.41770105201807,0.8045882198488556
662,7.0,0.62,0.2145255885491772,0.47078143443539056,73.41770105201807,0.8077532845181717
663,7.0,0.63,0.2145255885491772,0.4731558670993033,73.41770105201807,0.8109274936533206
664,7.0,0.64,0.2145255885491772,0.4755412173239299,73.41770105201807,0.8141091010943392
665,7.0,0.65,0.2145255885491772,0.4779374979935471,73.41770105201807,0.8172964563433016
666,7.0,0.66,0.2145255885491772,0.4803447140487516,73.41770105201807,0.8204879992373736
667,7.0,0.67,0.2145255885491772,0.4827628631738298,73.41770105201807,0.8236822549712138
668,7.0,0.68,0.2145255885491772,0.4851919364246281,73.41770105201807,0.8268778294406407
669,7.0,0.6900000000000001,0.2145255885491772,0.4876319188026218,73.41770105201807,0.8300734048823664
670,7.0,0.7000000000000001,0.2145255885491772,0.49008278978028746,73.41770105201807,0.8332677357869452
671,7.0,0.71,0.2145255885491772,0.4925445237823007,73.41770105201807,0.83645964506433
672,7.0,0.72,0.2145255885491772,0.4950170906266686,73.41770105201807,0.8396480204432221
673,7.0,0.73,0.2145255885491772,0.4975004559294358,73.41770105201807,0.8428318110872455
674,7.0,0.74,0.2145255885491772,0.4999945814762535,73.41770105201807,0.8460100244123026
675,7.0,0.75,0.2145255885491772,0.5024994255637637,73.41770105201807,0.8491817230909876
676,7.0,0.76,0.2145255885491772,0.5050149433134681,73.41770105201807,0.8523460222310315
677,7.0,0.77,0.2145255885491772,0.5075410869604506,73.41770105201807,0.8555020867158594
678,7.0,0.78,0.2145255885491772,0.5100778061191862,73.41770105201807,0.8586491286963174
679,7.0,0.79,0.2145255885491772,0.5126250480283084,73.41770105201807,0.8617864052235362
680,7.0,0.8,0.2145255885491772,0.5151827577761878,73.41770105201807,0.8649132160136375
681,7.0,0.81,0.2145255885491772,0.5177508785088889,73.41770105201807,0.8680289013357153
682,7.0,0.8200000000000001,0.2145255885491772,0.5203293516219614,73.41770105201807,0.8711328400152631
683,7.0,0.8300000000000001,0.2145255885491772,0.5229181169374166,73.41770105201807,0.8742244475456694
684,7.0,0.84,0.2145255885491772,0.5255171128670771,73.41770105201807,0.877303174301069
685,7.0,0.85,0.2145255885491772,0.5281262765633965,73.41770105201807,0.8803685038442701
686,7.0,0.86,0.2145255885491772,0.5307455440587592,73.41770105201807,0.8834199513239376
687,7.0,0.87,0.2145255885491772,0.5333748503941651,73.41770105201807,0.8864570619556333
688,7.0,0.88,0.2145255885491772,0.5360141297381273,73.41770105201807,0.8894794095816998
689,7.0,0.89,0.2145255885491772,0.5386633154965822,73.41770105201807,0.8924865953052785
690,7.0,0.9,0.2145255885491772,0.5413223404144215,73.41770105201807,0.8954782461941749
691,7.0,0.91,0.2145255885491772,0.5439911366694077,73.41770105201807,0.8984540140504491
692,7.0,0.92,0.2145255885491772,0.5466696359589402,73.41770105201807,0.9014135742419458
693,7.0,0.93,0.2145255885491772,0.5493577695802763,73.41770105201807,0.9043566245922865
694,7.0,0.9400000000000001,0.2145255885491772,0.5520554685047089,73.41770105201807,0.9072828843259279
695,7.0,0.9500000000000001,0.2145255885491772,0.5547626634460618,73.41770105201807,0.9101920930653062
696,7.0,0.96,0.2145255885491772,0.5574792849240648,73.41770105201807,0.9130840098770374
697,7.0,0.97,0.2145255885491772,0.5602052633228489,73.41770105201807,0.9159584123645816
698,7.0,0.98,0.2145255885491772,0.5629405289450055,73.41770105201807,0.9188150958048006
699,7.0,0.99,0.2145255885491772,0.5656850120614904,73.41770105201807,0.921653872325964
700,8.0,0.0,0.19486173926722453,0.19486173926722453,6.639697557176746,6.639697557176746
701,8.0,0.01,0.19486173926722453,0.25107221832929016,6.639697557176746,2.8706055019185412
702,8.0,0.02,0.19486173926722453,0.27388749198688744,6.639697557176746,1.3472415454389282
703,8.0,0.03,0.19486173926722453,0.28989760049515345,6.639697557176746,0.9409165621126964
704,8.0,0.04,0.19486173926722453,0.30184901758315197,6.639697557176746,0.7953853215483051
705,8.0,0.05,0.19486173926722453,0.3113130145198678,6.639697557176746,0.7347930099953742
706,8.0,0.06,0.19486173926722453,0.31914924412570683,6.639697557176746,0.7077867002679601
707,8.0,0.07,0.19486173926722453,0.32585603738697605,6.639697557176746,0.6959087670346832
708,8.0,0.08,0.19486173926722453,0.33174117042935625,6.639697557176746,0.6914899994312126
709,8.0,0.09,0.19486173926722453,0.33700568912311757,6.639697557176746,0.6909770783686718
710,8.0,0.1,0.19486173926722453,0.34178730105504723,6.639697557176746,0.6925791197978891
711,8.0,0.11,0.19486173926722453,0.34618414936847697,6.639697557176746,0.6953330740741637
712,8.0,0.12,0.19486173926722453,0.3502685385313329,6.639697557176746,0.698695387064792
713,8.0,0.13,0.19486173926722453,0.35409523733382836,6.639697557176746,0.7023487935606441
714,8.0,0.14,0.19486173926722453,0.35770671260183395,6.639697557176746,0.7061044871227077
715,8.0,0.15,0.19486173926722453,0.3611365500238531,6.639697557176746,0.7098496197352886
716,8.0,0.16,0.19486173926722453,0.3644117626629912,6.639697557176746,0.7135176927521294
717,8.0,0.17,0.19486173926722453,0.3675543934147634,6.639697557176746,0.7170711409410174
718,8.0,0.18,0.19486173926722453,0.37058265546266844,6.639697557176746,0.7204907230548937
719,8.0,0.19,0.19486173926722453,0.3735117620795661,6.639697557176746,0.7237688711855712
720,8.0,0.2,0.19486173926722453,0.37635454237123556,6.639697557176746,0.7269054260554393
721,8.0,0.21,0.19486173926722453,0.37912190624140824,6.639697557176746,0.7299048548749423
722,8.0,0.22,0.19486173926722453,0.3818232010244479,6.639697557176746,0.7327744145246086
723,8.0,0.23,0.19486173926722453,0.384466488877126,6.639697557176746,0.7355229305861082
724,8.0,0.24,0.19486173926722453,0.3870587652630165,6.639697557176746,0.7381599846554804
725,8.0,0.25,0.19486173926722453,0.38960613299840313,6.639697557176746,0.740695376089878
726,8.0,0.26,0.19486173926722453,0.3921139423254312,6.639697557176746,0.7431387701348151
727,8.0,0.27,0.19486173926722453,0.3945869046967857,6.639697557176746,0.7454994735177527
728,8.0,0.28,0.19486173926722453,0.3970291859920507,6.639697557176746,0.7477862975301451
729,8.0,0.29,0.19486173926722453,0.39944448347775613,6.639697557176746,0.7500074811556724
730,8.0,0.3,0.19486173926722453,0.4018360897995693,6.639697557176746,0.7521706552349565
731,8.0,0.31,0.19486173926722453,0.4042069465413779,6.639697557176746,0.7542828344087997
732,8.0,0.32,0.19486173926722453,0.4065596893244017,6.639697557176746,0.7563504275511621
733,8.0,0.33,0.19486173926722453,0.40889668599637136,6.639697557176746,0.7583792601699217
734,8.0,0.34,0.19486173926722453,0.41122006913871,6.639697557176746,0.7603746041972461
735,8.0,0.35000000000000003,0.19486173926722453,0.4135317638721615,6.639697557176746,0.7623412119666256
736,8.0,0.36,0.19486173926722453,0.4158335117494233,6.639697557176746,0.7642833521504153
737,8.0,0.37,0.19486173926722453,0.41812689137331155,6.639697557176746,0.7662048461287992
738,8.0,0.38,0.19486173926722453,0.4204133362608021,6.639697557176746,0.7681091037583353
739,8.0,0.39,0.19486173926722453,0.4226941503794916,6.639697557176746,0.7699991578637326
740,8.0,0.4,0.19486173926722453,0.4249705217081323,6.639697557176746,0.7718776970294327
741,8.0,0.41000000000000003,0.19486173926722453,0.42724353411256466,6.639697557176746,0.7737470964471254
742,8.0,0.42,0.19486173926722453,0.42951417777974066,6.639697557176746,0.7756094467013861
743,8.0,0.43,0.19486173926722453,0.43178335841279386,6.639697557176746,0.7774665804634942
744,8.0,0.44,0.19486173926722453,0.4340519053577696,6.639697557176746,0.7793200971231431
745,8.0,0.45,0.19486173926722453,0.4363205788059319,6.639697557176746,0.7811713854276502
746,8.0,0.46,0.19486173926722453,0.43859007619360146,6.639697557176746,0.783021644223314
747,8.0,0.47000000000000003,0.19486173926722453,0.4408610379032072,6.639697557176746,0.7848719014085239
748,8.0,0.48,0.19486173926722453,0.4431340523540527,6.639697557176746,0.7867230312156582
749,8.0,0.49,0.19486173926722453,0.44540966055851516,6.639697557176746,0.7885757699409983
750,8.0,0.5,0.19486173926722453,0.44768836020885794,6.639697557176746,0.7904307302408262
751,8.0,0.51,0.19486173926722453,0.4499706093506559,6.639697557176746,0.792288414107942
752,8.0,0.52,0.19486173926722453,0.4522568296913942,6.639697557176746,0.7941492246378832
753,8.0,0.53,0.19486173926722453,0.45454740958618967,6.639697557176746,0.7960134766877953
754,8.0,0.54,0.19486173926722453,0.45684270673724103,6.639697557176746,0.797881406524428
755,8.0,0.55,0.19486173926722453,0.4591430506387664,6.639697557176746,0.7997531805508207
756,8.0,0.56,0.19486173926722453,0.4614487447952764,6.639697557176746,0.8016289031946006
757,8.0,0.5700000000000001,0.19486173926722453,0.4637600687375284,6.639697557176746,0.8035086240341284
758,8.0,0.58,0.19486173926722453,0.46607727985753544,6.639697557176746,0.8053923442325447
759,8.0,0.59,0.19486173926722453,0.4684006150814579,6.639697557176746,0.8072800223437682
760,8.0,0.6,0.19486173926722453,0.4707302923969194,6.639697557176746,0.809171579548926
761,8.0,0.61,0.19486173926722453,0.47306651224947727,6.639697557176746,0.8110669043765912
762,8.0,0.62,0.19486173926722453,0.47540945882113705,6.639697557176746,0.812965856955263
763,8.0,0.63,0.19486173926722453,0.4777593012024932,6.639697557176746,0.814868272842284
764,8.0,0.64,0.19486173926722453,0.4801161944687022,6.639697557176746,0.8167739664692005
765,8.0,0.65,0.19486173926722453,0.4824802806683798,6.639697557176746,0.8186827342399168
766,8.0,0.66,0.19486173926722453,0.4848516897335987,6.639697557176746,0.8205943573146399
767,8.0,0.67,0.19486173926722453,0.48723054031821655,6.639697557176746,0.8225086041094425
768,8.0,0.68,0.19486173926722453,0.48961694057103256,6.639697557176746,0.8244252325385633
769,8.0,0.6900000000000001,0.19486173926722453,0.492010988849642,6.639697557176746,0.8263439920239335
770,8.0,0.7000000000000001,0.19486173926722453,0.49441277438020315,6.639697557176746,0.8282646252941765
771,8.0,0.71,0.19486173926722453,0.4968223778678035,6.639697557176746,0.8301868699931332
772,8.0,0.72,0.19486173926722453,0.4992398720617185,6.639697557176746,0.8321104601161942
773,8.0,0.73,0.19486173926722453,0.501665322279341,6.639697557176746,0.8340351272908615
774,8.0,0.74,0.19486173926722453,0.5040987868923062,6.639697557176746,0.8359606019165169
775,8.0,0.75,0.19486173926722453,0.506540317777847,6.639697557176746,0.8378866141768846
776,8.0,0.76,0.19486173926722453,0.5089899607383014,6.639697557176746,0.8398128949374294
777,8.0,0.77,0.19486173926722453,0.5114477558912955,6.639697557176746,0.8417391765387859
778,8.0,0.78,0.19486173926722453,0.5139137380329599,6.639697557176746,0.8436651934962518
779,8.0,0.79,0.19486173926722453,0.5163879369762822,6.639697557176746,0.845590683114428
780,8.0,0.8,0.19486173926722453,0.5188703778665453,6.639697557176746,0.847515386025242
781,8.0,0.81,0.19486173926722453,0.521361081475612,6.639697557176746,0.8494390466568322
782,8.0,0.8200000000000001,0.19486173926722453,0.5238600644766577,6.639697557176746,0.851361413640025
783,8.0,0.8300000000000001,0.19486173926722453,0.5263673397008265,6.639697557176746,0.853282240158549
784,8.0,0.84,0.19486173926722453,0.5288829163771525,6.639697557176746,0.8552012842485318
785,8.0,0.85,0.19486173926722453,0.5314068003569807,6.639697557176746,0.8571183090522974
786,8.0,0.86,0.19486173926722453,0.5339389943240056,6.639697557176746,0.8590330830310453
787,8.0,0.87,0.19486173926722453,0.5364794979909836,6.639697557176746,0.8609453801405277
788,8.0,0.88,0.19486173926722453,0.5390283082840266,6.639697557176746,0.8628549799734652
789,8.0,0.89,0.19486173926722453,0.5415854195154266,6.639697557176746,0.8647616678721189
790,8.0,0.9,0.19486173926722453,0.5441508235457257,6.639697557176746,0.8666652350140809
791,8.0,0.91,0.19486173926722453,0.5467245099358273,6.639697557176746,0.8685654784740597
792,8.0,0.92,0.19486173926722453,0.5493064660898372,6.639697557176746,0.8704622012642398
793,8.0,0.93,0.19486173926722453,0.5518966773892208,6.639697557176746,0.8723552123554374
794,8.0,0.9400000000000001,0.19486173926722453,0.5544951273189052,6.639697557176746,0.8742443266812042
795,8.0,0.9500000000000001,0.19486173926722453,0.5571017975858168,6.639697557176746,0.8761293651267048
796,8.0,0.96,0.19486173926722453,0.559716668230412,6.639697557176746,0.8780101545040888
797,8.0,0.97,0.19486173926722453,0.5623397177315932,6.639697557176746,0.879886527515954
798,8.0,0.98,0.19486173926722453,0.5649709231054967,6.639697557176746,0.8817583227082079
799,8.0,0.99,0.19486173926722453,0.5676102599984989,6.639697557176746,0.8836253844136693
800,9.0,0.0,0.12159712956873148,0.12159712956873148,2325.722502222436,2325.722502222436
801,9.0,0.01,0.12159712956873148,0.23420737381653167,2325.722502222436,9.362526215603832
802,9.0,0.02,0.12159712956873148,0.252694400682876,2325.722502222436,4.805286716740676
803,9.0,0.03,0.12159712956873148,0.2676088051018137,2325.722502222436,3.114183107746774
804,9.0,0.04,0.12159712956873148,0.27974268869306274,2325.722502222436,2.3021417356328153
805,9.0,0.05,0.12159712956873148,0.28988756531991466,2325.722502222436,1.852038229319315
806,9.0,0.06,0.12159712956873148,0.2985929613563928,2325.722502222436,1.5771334926761724
807,9.0,0.07,0.12159712956873148,0.3062265660344169,2325.722502222436,1.3968120945333384
808,9.0,0.08,0.12159712956873148,0.31303895849836144,2325.722502222436,1.27182391297621
809,9.0,0.09,0.12159712956873148,0.31920607431290443,2325.722502222436,1.181287788069341
810,9.0,0.1,0.12159712956873148,0.324855236956336,2325.722502222436,1.1133049350528754
811,9.0,0.11,0.12159712956873148,0.330081172477588,2325.722502222436,1.0607111660272033
812,9.0,0.12,0.12159712956873148,0.33495609030806767,2325.722502222436,1.018993254634329
813,9.0,0.13,0.12159712956873148,0.33953620944825724,2325.722502222436,0.985198037118012
814,9.0,0.14,0.12159712956873148,0.3438661049705365,2325.722502222436,0.9573295931758422
815,9.0,0.15,0.12159712956873148,0.3479816816879714,2325.722502222436,0.9340006268904527
816,9.0,0.16,0.12159712956873148,0.3519122596041302,2325.722502222436,0.9142228582796358
817,9.0,0.17,0.12159712956873148,0.35568206973378524,2325.722502222436,0.8972766851509438
818,9.0,0.18,0.12159712956873148,0.35931134900973943,2325.722502222436,0.8826277226239504
819,9.0,0.19,0.12159712956873148,0.36281715649730106,2325.722502222436,0.8698719619780083
820,9.0,0.2,0.12159712956873148,0.36621399191466064,2325.722502222436,0.8586989004785304
821,9.0,0.21,0.12159712956873148,0.36951427130076586,2325.722502222436,0.8488662415308216
822,9.0,0.22,0.12159712956873148,0.3727286977066008,2325.722502222436,0.8401822126730703
823,9.0,0.23,0.12159712956873148,0.3758665535523399,2325.722502222436,0.8324930009639553
824,9.0,0.24,0.12159712956873148,0.3789359337099187,2325.722502222436,0.8256736890619782
825,9.0,0.25,0.12159712956873148,0.38194393315944614,2325.722502222436,0.8196216258513039
826,9.0,0.26,0.12159712956873148,0.3848967994262729,2325.722502222436,0.8142515158044517
827,9.0,0.27,0.12159712956873148,0.38780005742112156,2325.722502222436,0.8094917385481841
828,9.0,0.28,0.12159712956873148,0.3906586124449909,2325.722502222436,0.8052815601719769
829,9.0,0.29,0.12159712956873148,0.39347683576291165,2325.722502222436,0.8015689985335865
830,9.0,0.3,0.12159712956873148,0.3962586361477206,2325.722502222436,0.7983091734241268
831,9.0,0.31,0.12159712956873148,0.3990075200455816,2325.722502222436,0.7954630198403363
832,9.0,0.32,0.12159712956873148,0.401726642449003,2325.722502222436,0.7929962757598829
833,9.0,0.33,0.12159712956873148,0.4044188501312639,2325.722502222436,0.790878679279911
834,9.0,0.34,0.12159712956873148,0.40708671856381196,2325.722502222436,0.7890833267734096
835,9.0,0.35000000000000003,0.12159712956873148,0.40973258358003334,2325.722502222436,0.7875861558620502
836,9.0,0.36,0.12159712956873148,0.41235856864671305,2325.722502222436,0.7863655258708212
837,9.0,0.37,0.12159712956873148,0.4149666084451796,2325.722502222436,0.7854018749616773
838,9.0,0.38,0.12159712956873148,0.417558469337458,2325.722502222436,0.7846774379965166
839,9.0,0.39,0.12159712956873148,0.4201357671916551,2325.722502222436,0.784176012814502
840,9.0,0.4,0.12159712956873148,0.4226999829592598,2325.722502222436,0.7838827653508662
841,9.0,0.41000000000000003,0.12159712956873148,0.4252524763312853,2325.722502222436,0.7837840661087778
842,9.0,0.42,0.12159712956873148,0.4277944977464694,2325.722502222436,0.7838673520900595
843,9.0,0.43,0.12159712956873148,0.4303271989809786,2325.722502222436,0.7841210095184914
844,9.0,0.44,0.12159712956873148,0.43285164251304437,2325.722502222436,0.7845342736404716
845,9.0,0.45,0.12159712956873148,0.43536880982613524,2325.722502222436,0.7850971426288895
846,9.0,0.46,0.12159712956873148,0.43787960878973975,2325.722502222436,0.7858003031970359
847,9.0,0.47000000000000003,0.12159712956873148,0.44038488023615724,2325.722502222436,0.7866350659865358
848,9.0,0.48,0.12159712956873148,0.44288540383463865,2325.722502222436,0.7875933091558632
849,9.0,0.49,0.12159712956873148,0.4453819033497482,2325.722502222436,0.7886674288840265
850,9.0,0.5,0.12159712956873148,0.44787505135871075,2325.722502222436,0.7898502957345942
851,9.0,0.51,0.12159712956873148,0.450365473492271,2325.722502222436,0.7911352160104063
852,9.0,0.52,0.12159712956873148,0.4528537522548489,2325.722502222436,0.7925158973785875
853,9.0,0.53,0.12159712956873148,0.45534043047246764,2325.722502222436,0.7939864181666609
854,9.0,0.54,0.12159712956873148,0.4578260144105402,2325.722502222436,0.7955411998290117
855,9.0,0.55,0.12159712956873148,0.46031097659828446,2325.722502222436,0.7971749821635116
856,9.0,0.56,0.12159712956873148,0.46279575839182985,2325.722502222436,0.7988828009241742
857,9.0,0.5700000000000001,0.12159712956873148,0.4652807723041992,2325.722502222436,0.8006599675301422
858,9.0,0.58,0.12159712956873148,0.4677664041268195,2325.722502222436,0.8025020506163361
859,9.0,0.59,0.12159712956873148,0.47025301486432036,2325.722502222436,0.8044048592084816
860,9.0,0.6,0.12159712956873148,0.47274094250177134,2325.722502222436,0.8063644273363447
861,9.0,0.61,0.12159712956873148,0.4752305036212993,2325.722502222436,0.8083769999251187
862,9.0,0.62,0.12159712956873148,0.4777219948830508,2325.722502222436,0.8104390198267148
863,9.0,0.63,0.12159712956873148,0.48021569438384093,2325.722502222436,0.8125471158712179
864,9.0,0.64,0.12159712956873148,0.48271186290525464,2325.722502222436,0.814698091834277
865,9.0,0.65,0.12159712956873148,0.4852107450617193,2325.722502222436,0.8168889162295083
866,9.0,0.66,0.12159712956873148,0.4877125703579813,2325.722502222436,0.8191167128461759
867,9.0,0.67,0.12159712956873148,0.4902175541642688,2325.722502222436,0.8213787519621153
868,9.0,0.68,0.12159712956873148,0.49272589861672433,2325.722502222436,0.8236724421700683
869,9.0,0.6900000000000001,0.12159712956873148,0.49523779344976937,2325.722502222436,0.8259953227627095
870,9.0,0.7000000000000001,0.12159712956873148,0.497753416766442,2325.722502222436,0.8283450566278167
871,9.0,0.71,0.12159712956873148,0.5002729357521125,2325.722502222436,0.8307194236102731
872,9.0,0.72,0.12159712956873148,0.5027965073364933,2325.722502222436,0.8331163143022862
873,9.0,0.73,0.12159712956873148,0.5053242788082877,2325.722502222436,0.8355337242271433
874,9.0,0.74,0.12159712956873148,0.5078563883864725,2325.722502222436,0.8379697483854244
875,9.0,0.75,0.12159712956873148,0.5103929657518279,2325.722502222436,0.8404225761356342
876,9.0,0.76,0.12159712956873148,0.5129341325419035,2325.722502222436,0.8428904863838819
877,9.0,0.77,0.12159712956873148,0.5154800028124057,2325.722502222436,0.845371843059756
878,9.0,0.78,0.12159712956873148,0.5180306834676973,2325.722502222436,0.8478650908575133
879,9.0,0.79,0.12159712956873148,0.5205862746627768,2325.722502222436,0.8503687512237186
880,9.0,0.8,0.12159712956873148,0.5231468701790019,2325.722502222436,0.8528814185739951
881,9.0,0.81,0.12159712956873148,0.5257125577755424,2325.722502222436,0.8554017567231975
882,9.0,0.8200000000000001,0.12159712956873148,0.5282834195184158,2325.722502222436,0.8579284955145112
883,9.0,0.8300000000000001,0.12159712956873148,0.5308595320887569,2325.722502222436,0.860460427634301
884,9.0,0.84,0.12159712956873148,0.5334409670718967,2325.722502222436,0.8629964056004722
885,9.0,0.85,0.12159712956873148,0.5360277912285814,2325.722502222436,0.8655353389132334
886,9.0,0.86,0.12159712956873148,0.5386200667497003,2325.722502222436,0.8680761913578543
887,9.0,0.87,0.12159712956873148,0.5412178514956614,2325.722502222436,0.8706179784499879
888,9.0,0.88,0.12159712956873148,0.5438211992214466,2325.722502222436,0.8731597650146584
889,9.0,0.89,0.12159712956873148,0.5464301597884476,2325.722502222436,0.8757006628908155
890,9.0,0.9,0.12159712956873148,0.5490447793639035,2325.722502222436,0.8782398287538754
891,9.0,0.91,0.12159712956873148,0.5516651006088396,2325.722502222436,0.8807764620492133
892,9.0,0.92,0.12159712956873148,0.5542911628552156,2325.722502222436,0.8833098030301129
893,9.0,0.93,0.12159712956873148,0.5569230022731113,2325.722502222436,0.8858391308940624
894,9.0,0.9400000000000001,0.12159712956873148,0.5595606520284729,2325.722502222436,0.8883637620117765
895,9.0,0.9500000000000001,0.12159712956873148,0.5622041424321675,2325.722502222436,0.8908830482436335
896,9.0,0.96,0.12159712956873148,0.564853501080772,2325.722502222436,0.8933963753386452
897,9.0,0.97,0.12159712956873148,0.5675087529897548,2325.722502222436,0.895903161411319
898,9.0,0.98,0.12159712956873148,0.5701699207194231,2325.722502222436,0.8984028554921077
899,9.0,0.99,0.12159712956873148,0.5728370244941658,2325.722502222436,0.9008949361474794
900,10.0,0.0,0.11434835590805897,0.11434835590805897,8083.204321965802,8083.204321965802
901,10.0,0.01,0.11434835590805897,0.23319462863018445,8083.204321965802,5.918761664033784
902,10.0,0.02,0.11434835590805897,0.250259079715903,8083.204321965802,2.676165297743013
903,10.0,0.03,0.11434835590805897,0.26395351794970984,8083.204321965802,1.6462934478326778
904,10.0,0.04,0.11434835590805897,0.27516936170590145,8083.204321965802,1.213322318555596
905,10.0,0.05,0.11434835590805897,0.2846427463915442,8083.204321965802,1.0020277977572805
906,10.0,0.06,0.11434835590805897,0.29286825967614594,8083.204321965802,0.8885956649872783
907,10.0,0.07,0.11434835590805897,0.30017134081533703,8083.204321965802,0.8236418714252861
908,10.0,0.08,0.11434835590805897,0.30677073631208546,8083.204321965802,0.784807638344336
909,10.0,0.09,0.11434835590805897,0.3128180995185442,8083.204321965802,0.7609771552404522
910,10.0,0.1,0.11434835590805897,0.3184219368539223,8083.204321965802,0.7462060104441388
911,10.0,0.11,0.11434835590805897,0.3236621908652292,8083.204321965802,0.7371232171638672
912,10.0,0.12,0.11434835590805897,0.3285993258246353,8083.204321965802,0.7317230970928723
913,10.0,0.13,0.11434835590805897,0.333280144228634,8083.204321965802,0.7287640718990697
914,10.0,0.14,0.11434835590805897,0.33774161463003644,8083.204321965802,0.727451984873669
915,10.0,0.15,0.11434835590805897,0.3420134583397404,8083.204321965802,0.7272649908440847
916,10.0,0.16,0.11434835590805897,0.34611994131493085,8083.204321965802,0.7278525628736032
917,10.0,0.17,0.11434835590805897,0.3500811442517794,8083.204321965802,0.7289750604123622
918,10.0,0.18,0.11434835590805897,0.35391388198484103,8083.204321965802,0.7304663790984293
919,10.0,0.19,0.11434835590805897,0.35763238195841196,8083.204321965802,0.73221019897431
920,10.0,0.2,0.11434835590805897,0.3612487937656148,8083.204321965802,0.7341244964238824
921,10.0,0.21,0.11434835590805897,0.3647735779746015,8083.204321965802,0.7361512195141215
922,10.0,0.22,0.11434835590805897,0.36821580717568664,8083.204321965802,0.7382492711136973
923,10.0,0.23,0.11434835590805897,0.37158340215910024,8083.204321965802,0.7403896590510877
924,10.0,0.24,0.11434835590805897,0.37488331943497644,8083.204321965802,0.7425520947840552
925,10.0,0.25,0.11434835590805897,0.3781217017518145,8083.204321965802,0.7447225778546729
926,10.0,0.26,0.11434835590805897,0.38130400011997767,8083.204321965802,0.7468916620654014
927,10.0,0.27,0.11434835590805897,0.38443507363461904,8083.204321965802,0.7490531998675442
928,10.0,0.28,0.11434835590805897,0.3875192718160576,8083.204321965802,0.7512034264636472
929,10.0,0.29,0.11434835590805897,0.39056050304657375,8083.204321965802,0.7533402879308578
930,10.0,0.3,0.11434835590805897,0.3935622918490705,8083.204321965802,0.7554629463367594
931,10.0,0.31,0.11434835590805897,0.39652782713552603,8083.204321965802,0.7575714143131983
932,10.0,0.32,0.11434835590805897,0.3994600030905491,8083.204321965802,0.7596662850017497
933,10.0,0.33,0.11434835590805897,0.4023614540050321,8083.204321965802,0.7617485326827896
934,10.0,0.34,0.11434835590805897,0.40523458410700214,8083.204321965802,0.7638193660476628
935,10.0,0.35000000000000003,0.11434835590805897,0.40808159322989906,8083.204321965802,0.7658801208265328
936,10.0,0.36,0.11434835590805897,0.41090449899750636,8083.204321965802,0.7679321819171187
937,10.0,0.37,0.11434835590805897,0.41370515607823427,8083.204321965802,0.7699769276607928
938,10.0,0.38,0.11434835590805897,0.41648527296142257,8083.204321965802,0.7720156907503903
939,10.0,0.39,0.11434835590805897,0.41924642662855294,8083.204321965802,0.7740497316142934
940,10.0,0.4,0.11434835590805897,0.42199007542826555,8083.204321965802,0.776080221134934
941,10.0,0.41000000000000003,0.11434835590805897,0.4247175704124171,8083.204321965802,0.7781082303194691
942,10.0,0.42,0.11434835590805897,0.4274301653483647,8083.204321965802,0.7801347251128127
943,10.0,0.43,0.11434835590805897,0.43012902558845156,8083.204321965802,0.7821605649767143
944,10.0,0.44,0.11434835590805897,0.4328152359493886,8083.204321965802,0.7841865041876493
945,10.0,0.45,0.11434835590805897,0.43548980773104845,8083.204321965802,0.7862131950578
946,10.0,0.46,0.11434835590805897,0.43815368498483614,8083.204321965802,0.7882411924752809
947,10.0,0.47000000000000003,0.11434835590805897,0.44080775012577095,8083.204321965802,0.7902709593072729
948,10.0,0.48,0.11434835590805897,0.4434528289689317,8083.204321965802,0.7923028723225307
949,10.0,0.49,0.11434835590805897,0.4460896952596342,8083.204321965802,0.7943372283769843
950,10.0,0.5,0.11434835590805897,0.4487190747571844,8083.204321965802,0.7963742506725758
951,10.0,0.51,0.11434835590805897,0.45134164892398354,8083.204321965802,0.7984140949510827
952,10.0,0.52,0.11434835590805897,0.45395805826489816,8083.204321965802,0.8004568555239397
953,10.0,0.53,0.11434835590805897,0.45656890535601513,8083.204321965802,0.8025025710692245
954,10.0,0.54,0.11434835590805897,0.459174757596855,8083.204321965802,0.8045512301499674
955,10.0,0.55,0.11434835590805897,0.46177614971589687,8083.204321965802,0.8066027764254218
956,10.0,0.56,0.11434835590805897,0.4643735860555586,8083.204321965802,0.8086571135400211
957,10.0,0.5700000000000001,0.11434835590805897,0.46696754265961044,8083.204321965802,0.8107141096846531
958,10.0,0.58,0.11434835590805897,0.4695584691832807,8083.204321965802,0.8127736018320233
959,10.0,0.59,0.11434835590805897,0.4721467906439072,8083.204321965802,0.8148353996532048
960,10.0,0.6,0.11434835590805897,0.4747329090279376,8083.204321965802,0.8168992891261225
961,10.0,0.61,0.11434835590805897,0.4773172047683266,8083.204321965802,0.8189650358492805
962,10.0,0.62,0.11434835590805897,0.4799000381047203,8083.204321965802,0.82103238807561
963,10.0,0.63,0.11434835590805897,0.48248175033752033,8083.204321965802,0.8231010794822943
964,10.0,0.64,0.11434835590805897,0.4850626649857226,8083.204321965802,0.8251708316928247
965,10.0,0.65,0.11434835590805897,0.48764308885730756,8083.204321965802,0.8272413565675312
966,10.0,0.66,0.11434835590805897,0.49022331304008177,8083.204321965802,0.8293123582786371
967,10.0,0.67,0.11434835590805897,0.492803613820037,8083.204321965802,0.8313835351853786
968,10.0,0.68,0.11434835590805897,0.4953842535335725,8083.204321965802,0.833454581524137
969,10.0,0.6900000000000001,0.11434835590805897,0.49796548135927887,8083.204321965802,0.8355251889278664
970,10.0,0.7000000000000001,0.11434835590805897,0.5005475340544088,8083.204321965802,0.8375950477883071
971,10.0,0.71,0.11434835590805897,0.5031306366406811,8083.204321965802,0.83966384847371
972,10.0,0.72,0.11434835590805897,0.5057150030435813,8083.204321965802,0.8417312824140273
973,10.0,0.73,0.11434835590805897,0.5083008366889693,8083.204321965802,0.8437970430647038
974,10.0,0.74,0.11434835590805897,0.5108883310603753,8083.204321965802,0.8458608267594487
975,10.0,0.75,0.11434835590805897,0.5134776702201369,8083.204321965802,0.8479223334616606
976,10.0,0.76,0.11434835590805897,0.5160690292971613,8083.204321965802,0.8499812674234127
977,10.0,0.77,0.11434835590805897,0.5186625749439098,8083.204321965802,0.8520373377602841
978,10.0,0.78,0.11434835590805897,0.5212584657649211,8083.204321965802,0.854090258949646
979,10.0,0.79,0.11434835590805897,0.5238568527189968,8083.204321965802,0.8561397512594346
980,10.0,0.8,0.11434835590805897,0.5264578794970274,8083.204321965802,0.8581855411138983
981,10.0,0.81,0.11434835590805897,0.5290616828771935,8083.204321965802,0.8602273614022073
982,10.0,0.8200000000000001,0.11434835590805897,0.5316683930591989,8083.204321965802,0.8622649517354327
983,10.0,0.8300000000000001,0.11434835590805897,0.5342781339790053,8083.204321965802,0.8642980586568734
984,10.0,0.84,0.11434835590805897,0.5368910236054709,8083.204321965802,0.8663264358102946
985,10.0,0.85,0.11434835590805897,0.5395071742200676,8083.204321965802,0.8683498440702924
986,10.0,0.86,0.11434835590805897,0.5421266926809456,8083.204321965802,0.8703680516386126
987,10.0,0.87,0.11434835590805897,0.5447496806722807,8083.204321965802,0.8723808341099031
988,10.0,0.88,0.11434835590805897,0.5473762349400024,8083.204321965802,0.8743879745101366
989,10.0,0.89,0.11434835590805897,0.5500064475146864,8083.204321965802,0.8763892633105508
990,10.0,0.9,0.11434835590805897,0.5526404059225494,8083.204321965802,0.8783844984198657
991,10.0,0.91,0.11434835590805897,0.555278193385222,8083.204321965802,0.8803734851570904
992,10.0,0.92,0.11434835590805897,0.5579198890090882,8083.204321965802,0.8823560362071896
993,10.0,0.93,0.11434835590805897,0.5605655679647888,8083.204321965802,0.884331971561604
994,10.0,0.9400000000000001,0.11434835590805897,0.5632153016575385,8083.204321965802,0.8863011184454253
995,10.0,0.9500000000000001,0.11434835590805897,0.5658691578887743,8083.204321965802,0.8882633112329059
996,10.0,0.96,0.11434835590805897,0.5685272010097342,8083.204321965802,0.890218391352781
997,10.0,0.97,0.11434835590805897,0.5711894920673644,8083.204321965802,0.8921662071847789
998,10.0,0.98,0.11434835590805897,0.5738560889430873,8083.204321965802,0.8941066139485525
999,10.0,0.99,0.11434835590805897,0.5765270464847645,8083.204321965802,0.8960394735861416
